id,type,direction,angle,location,category,rating
1,0,0,0,0,easiness,7
1,0,0,0,0,comfort,7
1,0,0,0,0,confidence,7
1,0,0,0,0,social,7
1,0,0,1,0,easiness,6
1,0,0,1,0,comfort,7
1,0,0,1,0,confidence,6
1,0,0,1,0,social,7
1,0,0,2,0,easiness,7
1,0,0,2,0,comfort,5
1,0,0,2,0,confidence,5
1,0,0,2,0,social,7
1,0,1,0,0,easiness,7
1,0,1,0,0,comfort,7
1,0,1,0,0,confidence,7
1,0,1,0,0,social,7
1,0,1,1,0,easiness,6
1,0,1,1,0,comfort,6
1,0,1,1,0,confidence,6
1,0,1,1,0,social,7
1,0,1,2,0,easiness,4
1,0,1,2,0,comfort,4
1,0,1,2,0,confidence,5
1,0,1,2,0,social,6
8,0,0,0,0,easiness,7
8,0,0,0,0,comfort,7
8,0,0,0,0,confidence,7
8,0,0,0,0,social,7
8,0,0,1,0,easiness,7
8,0,0,1,0,comfort,7
8,0,0,1,0,confidence,7
8,0,0,1,0,social,7
8,0,0,2,0,easiness,7
8,0,0,2,0,comfort,7
8,0,0,2,0,confidence,7
8,0,0,2,0,social,7
8,0,1,0,0,easiness,3
8,0,1,0,0,comfort,2
8,0,1,0,0,confidence,3
8,0,1,0,0,social,3
8,0,1,1,0,easiness,2
8,0,1,1,0,comfort,2
8,0,1,1,0,confidence,3
8,0,1,1,0,social,2
8,0,1,2,0,easiness,1
8,0,1,2,0,comfort,1
8,0,1,2,0,confidence,2
8,0,1,2,0,social,1
3,0,0,0,0,easiness,5
3,0,0,0,0,comfort,5
3,0,0,0,0,confidence,5
3,0,0,0,0,social,6
3,0,0,1,0,easiness,5
3,0,0,1,0,comfort,5
3,0,0,1,0,confidence,5
3,0,0,1,0,social,6
3,0,0,2,0,easiness,5
3,0,0,2,0,comfort,4
3,0,0,2,0,confidence,4
3,0,0,2,0,social,6
3,0,1,0,0,easiness,4
3,0,1,0,0,comfort,4
3,0,1,0,0,confidence,4
3,0,1,0,0,social,6
3,0,1,1,0,easiness,3
3,0,1,1,0,comfort,3
3,0,1,1,0,confidence,3
3,0,1,1,0,social,6
3,0,1,2,0,easiness,2
3,0,1,2,0,comfort,2
3,0,1,2,0,confidence,2
3,0,1,2,0,social,2
6,0,0,0,0,easiness,6
6,0,0,0,0,comfort,6
6,0,0,0,0,confidence,7
6,0,0,0,0,social,7
6,0,0,1,0,easiness,5
6,0,0,1,0,comfort,5
6,0,0,1,0,confidence,6
6,0,0,1,0,social,7
6,0,0,2,0,easiness,7
6,0,0,2,0,comfort,7
6,0,0,2,0,confidence,7
6,0,0,2,0,social,7
6,0,1,0,0,easiness,4
6,0,1,0,0,comfort,4
6,0,1,0,0,confidence,5
6,0,1,0,0,social,6
6,0,1,1,0,easiness,3
6,0,1,1,0,comfort,3
6,0,1,1,0,confidence,4
6,0,1,1,0,social,4
6,0,1,2,0,easiness,1
6,0,1,2,0,comfort,1
6,0,1,2,0,confidence,1
6,0,1,2,0,social,1
12,0,0,0,0,easiness,7
12,0,0,0,0,comfort,7
12,0,0,0,0,confidence,7
12,0,0,0,0,social,7
12,0,0,1,0,easiness,7
12,0,0,1,0,comfort,7
12,0,0,1,0,confidence,7
12,0,0,1,0,social,7
12,0,0,2,0,easiness,7
12,0,0,2,0,comfort,6
12,0,0,2,0,confidence,7
12,0,0,2,0,social,6
12,0,1,0,0,easiness,7
12,0,1,0,0,comfort,7
12,0,1,0,0,confidence,7
12,0,1,0,0,social,7
12,0,1,1,0,easiness,5
12,0,1,1,0,comfort,5
12,0,1,1,0,confidence,6
12,0,1,1,0,social,5
12,0,1,2,0,easiness,4
12,0,1,2,0,comfort,4
12,0,1,2,0,confidence,6
12,0,1,2,0,social,3
2,0,0,0,0,easiness,7
2,0,0,0,0,comfort,7
2,0,0,0,0,confidence,7
2,0,0,0,0,social,7
2,0,0,1,0,easiness,7
2,0,0,1,0,comfort,7
2,0,0,1,0,confidence,7
2,0,0,1,0,social,7
2,0,0,2,0,easiness,6
2,0,0,2,0,comfort,5
2,0,0,2,0,confidence,6
2,0,0,2,0,social,5
2,0,1,0,0,easiness,7
2,0,1,0,0,comfort,7
2,0,1,0,0,confidence,7
2,0,1,0,0,social,7
2,0,1,1,0,easiness,5
2,0,1,1,0,comfort,4
2,0,1,1,0,confidence,4
2,0,1,1,0,social,5
2,0,1,2,0,easiness,3
2,0,1,2,0,comfort,3
2,0,1,2,0,confidence,2
2,0,1,2,0,social,2
7,0,0,0,0,easiness,6
7,0,0,0,0,comfort,6
7,0,0,0,0,confidence,7
7,0,0,0,0,social,7
7,0,0,1,0,easiness,7
7,0,0,1,0,comfort,7
7,0,0,1,0,confidence,7
7,0,0,1,0,social,7
7,0,0,2,0,easiness,7
7,0,0,2,0,comfort,7
7,0,0,2,0,confidence,7
7,0,0,2,0,social,7
7,0,1,0,0,easiness,3
7,0,1,0,0,comfort,2
7,0,1,0,0,confidence,2
7,0,1,0,0,social,4
7,0,1,1,0,easiness,3
7,0,1,1,0,comfort,2
7,0,1,1,0,confidence,3
7,0,1,1,0,social,3
7,0,1,2,0,easiness,2
7,0,1,2,0,comfort,1
7,0,1,2,0,confidence,1
7,0,1,2,0,social,2
17,0,0,0,0,easiness,6
17,0,0,0,0,comfort,4
17,0,0,0,0,confidence,7
17,0,0,0,0,social,7
17,0,0,1,0,easiness,7
17,0,0,1,0,comfort,6
17,0,0,1,0,confidence,7
17,0,0,1,0,social,7
17,0,0,2,0,easiness,7
17,0,0,2,0,comfort,7
17,0,0,2,0,confidence,7
17,0,0,2,0,social,7
17,0,1,0,0,easiness,5
17,0,1,0,0,comfort,4
17,0,1,0,0,confidence,7
17,0,1,0,0,social,7
17,0,1,1,0,easiness,3
17,0,1,1,0,comfort,4
17,0,1,1,0,confidence,7
17,0,1,1,0,social,7
17,0,1,2,0,easiness,7
17,0,1,2,0,comfort,7
17,0,1,2,0,confidence,7
17,0,1,2,0,social,7
14,0,0,0,0,easiness,7
14,0,0,0,0,comfort,7
14,0,0,0,0,confidence,7
14,0,0,0,0,social,7
14,0,0,1,0,easiness,7
14,0,0,1,0,comfort,7
14,0,0,1,0,confidence,7
14,0,0,1,0,social,7
14,0,0,2,0,easiness,7
14,0,0,2,0,comfort,7
14,0,0,2,0,confidence,7
14,0,0,2,0,social,7
14,0,1,0,0,easiness,6
14,0,1,0,0,comfort,5
14,0,1,0,0,confidence,7
14,0,1,0,0,social,7
14,0,1,1,0,easiness,5
14,0,1,1,0,comfort,4
14,0,1,1,0,confidence,6
14,0,1,1,0,social,5
14,0,1,2,0,easiness,5
14,0,1,2,0,comfort,6
14,0,1,2,0,confidence,5
14,0,1,2,0,social,6
9,0,0,0,0,easiness,7
9,0,0,0,0,comfort,7
9,0,0,0,0,confidence,7
9,0,0,0,0,social,7
9,0,0,1,0,easiness,6
9,0,0,1,0,comfort,6
9,0,0,1,0,confidence,7
9,0,0,1,0,social,7
9,0,0,2,0,easiness,4
9,0,0,2,0,comfort,4
9,0,0,2,0,confidence,6
9,0,0,2,0,social,7
9,0,1,0,0,easiness,6
9,0,1,0,0,comfort,6
9,0,1,0,0,confidence,7
9,0,1,0,0,social,7
9,0,1,1,0,easiness,4
9,0,1,1,0,comfort,4
9,0,1,1,0,confidence,6
9,0,1,1,0,social,7
9,0,1,2,0,easiness,3
9,0,1,2,0,comfort,3
9,0,1,2,0,confidence,7
9,0,1,2,0,social,6
22,0,0,0,0,easiness,7
22,0,0,0,0,comfort,7
22,0,0,0,0,confidence,7
22,0,0,0,0,social,7
22,0,0,1,0,easiness,7
22,0,0,1,0,comfort,7
22,0,0,1,0,confidence,7
22,0,0,1,0,social,7
22,0,0,2,0,easiness,6
22,0,0,2,0,comfort,6
22,0,0,2,0,confidence,6
22,0,0,2,0,social,7
22,0,1,0,0,easiness,7
22,0,1,0,0,comfort,5
22,0,1,0,0,confidence,4
22,0,1,0,0,social,7
22,0,1,1,0,easiness,5
22,0,1,1,0,comfort,5
22,0,1,1,0,confidence,5
22,0,1,1,0,social,5
22,0,1,2,0,easiness,4
22,0,1,2,0,comfort,4
22,0,1,2,0,confidence,5
22,0,1,2,0,social,5
19,0,0,0,0,easiness,7
19,0,0,0,0,comfort,7
19,0,0,0,0,confidence,7
19,0,0,0,0,social,7
19,0,0,1,0,easiness,5
19,0,0,1,0,comfort,5
19,0,0,1,0,confidence,5
19,0,0,1,0,social,7
19,0,0,2,0,easiness,4
19,0,0,2,0,comfort,2
19,0,0,2,0,confidence,2
19,0,0,2,0,social,7
19,0,1,0,0,easiness,7
19,0,1,0,0,comfort,6
19,0,1,0,0,confidence,6
19,0,1,0,0,social,7
19,0,1,1,0,easiness,4
19,0,1,1,0,comfort,3
19,0,1,1,0,confidence,3
19,0,1,1,0,social,7
19,0,1,2,0,easiness,2
19,0,1,2,0,comfort,2
19,0,1,2,0,confidence,1
19,0,1,2,0,social,6
10,0,0,0,0,easiness,7
10,0,0,0,0,comfort,7
10,0,0,0,0,confidence,7
10,0,0,0,0,social,7
10,0,0,1,0,easiness,7
10,0,0,1,0,comfort,6
10,0,0,1,0,confidence,7
10,0,0,1,0,social,6
10,0,0,2,0,easiness,7
10,0,0,2,0,comfort,5
10,0,0,2,0,confidence,7
10,0,0,2,0,social,6
10,0,1,0,0,easiness,7
10,0,1,0,0,comfort,6
10,0,1,0,0,confidence,7
10,0,1,0,0,social,7
10,0,1,1,0,easiness,6
10,0,1,1,0,comfort,4
10,0,1,1,0,confidence,6
10,0,1,1,0,social,5
10,0,1,2,0,easiness,4
10,0,1,2,0,comfort,2
10,0,1,2,0,confidence,5
10,0,1,2,0,social,5
25,0,0,0,0,easiness,6
25,0,0,0,0,comfort,7
25,0,0,0,0,confidence,7
25,0,0,0,0,social,7
25,0,0,1,0,easiness,3
25,0,0,1,0,comfort,6
25,0,0,1,0,confidence,7
25,0,0,1,0,social,7
25,0,0,2,0,easiness,3
25,0,0,2,0,comfort,3
25,0,0,2,0,confidence,5
25,0,0,2,0,social,7
25,0,1,0,0,easiness,6
25,0,1,0,0,comfort,7
25,0,1,0,0,confidence,6
25,0,1,0,0,social,7
25,0,1,1,0,easiness,3
25,0,1,1,0,comfort,3
25,0,1,1,0,confidence,3
25,0,1,1,0,social,3
25,0,1,2,0,easiness,2
25,0,1,2,0,comfort,2
25,0,1,2,0,confidence,1
25,0,1,2,0,social,4
5,0,0,0,0,easiness,6
5,0,0,0,0,comfort,6
5,0,0,0,0,confidence,6
5,0,0,0,0,social,6
5,0,0,1,0,easiness,5
5,0,0,1,0,comfort,5
5,0,0,1,0,confidence,5
5,0,0,1,0,social,6
5,0,0,2,0,easiness,5
5,0,0,2,0,comfort,5
5,0,0,2,0,confidence,5
5,0,0,2,0,social,6
5,0,1,0,0,easiness,6
5,0,1,0,0,comfort,6
5,0,1,0,0,confidence,6
5,0,1,0,0,social,6
5,0,1,1,0,easiness,5
5,0,1,1,0,comfort,5
5,0,1,1,0,confidence,5
5,0,1,1,0,social,5
5,0,1,2,0,easiness,4
5,0,1,2,0,comfort,4
5,0,1,2,0,confidence,4
5,0,1,2,0,social,4
4,0,0,0,0,easiness,7
4,0,0,0,0,comfort,7
4,0,0,0,0,confidence,7
4,0,0,0,0,social,7
4,0,0,1,0,easiness,7
4,0,0,1,0,comfort,7
4,0,0,1,0,confidence,7
4,0,0,1,0,social,7
4,0,0,2,0,easiness,7
4,0,0,2,0,comfort,7
4,0,0,2,0,confidence,7
4,0,0,2,0,social,7
4,0,1,0,0,easiness,5
4,0,1,0,0,comfort,5
4,0,1,0,0,confidence,4
4,0,1,0,0,social,4
4,0,1,1,0,easiness,3
4,0,1,1,0,comfort,3
4,0,1,1,0,confidence,3
4,0,1,1,0,social,4
4,0,1,2,0,easiness,4
4,0,1,2,0,comfort,4
4,0,1,2,0,confidence,4
4,0,1,2,0,social,4
16,0,0,0,0,easiness,3
16,0,0,0,0,comfort,3
16,0,0,0,0,confidence,6
16,0,0,0,0,social,7
16,0,0,1,0,easiness,5
16,0,0,1,0,comfort,5
16,0,0,1,0,confidence,7
16,0,0,1,0,social,7
16,0,0,2,0,easiness,7
16,0,0,2,0,comfort,7
16,0,0,2,0,confidence,7
16,0,0,2,0,social,7
16,0,1,0,0,easiness,5
16,0,1,0,0,comfort,5
16,0,1,0,0,confidence,3
16,0,1,0,0,social,5
16,0,1,1,0,easiness,1
16,0,1,1,0,comfort,1
16,0,1,1,0,confidence,1
16,0,1,1,0,social,6
16,0,1,2,0,easiness,1
16,0,1,2,0,comfort,1
16,0,1,2,0,confidence,1
16,0,1,2,0,social,6
21,0,0,0,0,easiness,7
21,0,0,0,0,comfort,7
21,0,0,0,0,confidence,7
21,0,0,0,0,social,7
21,0,0,1,0,easiness,7
21,0,0,1,0,comfort,7
21,0,0,1,0,confidence,7
21,0,0,1,0,social,7
21,0,0,2,0,easiness,7
21,0,0,2,0,comfort,7
21,0,0,2,0,confidence,7
21,0,0,2,0,social,7
21,0,1,0,0,easiness,7
21,0,1,0,0,comfort,7
21,0,1,0,0,confidence,7
21,0,1,0,0,social,7
21,0,1,1,0,easiness,7
21,0,1,1,0,comfort,7
21,0,1,1,0,confidence,7
21,0,1,1,0,social,7
21,0,1,2,0,easiness,5
21,0,1,2,0,comfort,4
21,0,1,2,0,confidence,6
21,0,1,2,0,social,7
11,0,0,0,0,easiness,3
11,0,0,0,0,comfort,7
11,0,0,0,0,confidence,7
11,0,0,0,0,social,7
11,0,0,1,0,easiness,7
11,0,0,1,0,comfort,6
11,0,0,1,0,confidence,7
11,0,0,1,0,social,7
11,0,0,2,0,easiness,7
11,0,0,2,0,comfort,5
11,0,0,2,0,confidence,7
11,0,0,2,0,social,7
11,0,1,0,0,easiness,3
11,0,1,0,0,comfort,3
11,0,1,0,0,confidence,6
11,0,1,0,0,social,7
11,0,1,1,0,easiness,7
11,0,1,1,0,comfort,6
11,0,1,1,0,confidence,7
11,0,1,1,0,social,7
11,0,1,2,0,easiness,7
11,0,1,2,0,comfort,5
11,0,1,2,0,confidence,5
11,0,1,2,0,social,7
15,0,0,0,0,easiness,7
15,0,0,0,0,comfort,7
15,0,0,0,0,confidence,7
15,0,0,0,0,social,7
15,0,0,1,0,easiness,7
15,0,0,1,0,comfort,7
15,0,0,1,0,confidence,7
15,0,0,1,0,social,7
15,0,0,2,0,easiness,7
15,0,0,2,0,comfort,7
15,0,0,2,0,confidence,7
15,0,0,2,0,social,7
15,0,1,0,0,easiness,7
15,0,1,0,0,comfort,7
15,0,1,0,0,confidence,7
15,0,1,0,0,social,7
15,0,1,1,0,easiness,6
15,0,1,1,0,comfort,6
15,0,1,1,0,confidence,7
15,0,1,1,0,social,7
15,0,1,2,0,easiness,5
15,0,1,2,0,comfort,5
15,0,1,2,0,confidence,7
15,0,1,2,0,social,7
24,0,0,0,0,easiness,7
24,0,0,0,0,comfort,7
24,0,0,0,0,confidence,7
24,0,0,0,0,social,7
24,0,0,1,0,easiness,7
24,0,0,1,0,comfort,7
24,0,0,1,0,confidence,7
24,0,0,1,0,social,7
24,0,0,2,0,easiness,7
24,0,0,2,0,comfort,7
24,0,0,2,0,confidence,7
24,0,0,2,0,social,6
24,0,1,0,0,easiness,6
24,0,1,0,0,comfort,6
24,0,1,0,0,confidence,6
24,0,1,0,0,social,6
24,0,1,1,0,easiness,6
24,0,1,1,0,comfort,5
24,0,1,1,0,confidence,6
24,0,1,1,0,social,6
24,0,1,2,0,easiness,6
24,0,1,2,0,comfort,5
24,0,1,2,0,confidence,6
24,0,1,2,0,social,4
23,0,0,0,0,easiness,6
23,0,0,0,0,comfort,7
23,0,0,0,0,confidence,7
23,0,0,0,0,social,7
23,0,0,1,0,easiness,5
23,0,0,1,0,comfort,5
23,0,0,1,0,confidence,6
23,0,0,1,0,social,6
23,0,0,2,0,easiness,5
23,0,0,2,0,comfort,5
23,0,0,2,0,confidence,5
23,0,0,2,0,social,6
23,0,1,0,0,easiness,4
23,0,1,0,0,comfort,4
23,0,1,0,0,confidence,4
23,0,1,0,0,social,6
23,0,1,1,0,easiness,4
23,0,1,1,0,comfort,4
23,0,1,1,0,confidence,4
23,0,1,1,0,social,5
23,0,1,2,0,easiness,4
23,0,1,2,0,comfort,4
23,0,1,2,0,confidence,5
23,0,1,2,0,social,5
18,0,0,0,0,easiness,7
18,0,0,0,0,comfort,7
18,0,0,0,0,confidence,7
18,0,0,0,0,social,7
18,0,0,1,0,easiness,5
18,0,0,1,0,comfort,5
18,0,0,1,0,confidence,6
18,0,0,1,0,social,6
18,0,0,2,0,easiness,5
18,0,0,2,0,comfort,5
18,0,0,2,0,confidence,4
18,0,0,2,0,social,4
18,0,1,0,0,easiness,6
18,0,1,0,0,comfort,6
18,0,1,0,0,confidence,6
18,0,1,0,0,social,6
18,0,1,1,0,easiness,5
18,0,1,1,0,comfort,5
18,0,1,1,0,confidence,5
18,0,1,1,0,social,5
18,0,1,2,0,easiness,4
18,0,1,2,0,comfort,4
18,0,1,2,0,confidence,4
18,0,1,2,0,social,4
20,0,0,0,0,easiness,6
20,0,0,0,0,comfort,6
20,0,0,0,0,confidence,7
20,0,0,0,0,social,7
20,0,0,1,0,easiness,6
20,0,0,1,0,comfort,6
20,0,0,1,0,confidence,7
20,0,0,1,0,social,7
20,0,0,2,0,easiness,5
20,0,0,2,0,comfort,5
20,0,0,2,0,confidence,5
20,0,0,2,0,social,6
20,0,1,0,0,easiness,6
20,0,1,0,0,comfort,6
20,0,1,0,0,confidence,7
20,0,1,0,0,social,7
20,0,1,1,0,easiness,5
20,0,1,1,0,comfort,5
20,0,1,1,0,confidence,5
20,0,1,1,0,social,6
20,0,1,2,0,easiness,3
20,0,1,2,0,comfort,3
20,0,1,2,0,confidence,3
20,0,1,2,0,social,4
1,1,0,-1,1,easiness,5
1,1,0,-1,1,comfort,7
1,1,0,-1,1,confidence,7
1,1,0,-1,1,social,7
1,1,0,-1,2,easiness,4
1,1,0,-1,2,comfort,6
1,1,0,-1,2,confidence,6
1,1,0,-1,2,social,7
1,1,0,-1,3,easiness,6
1,1,0,-1,3,comfort,7
1,1,0,-1,3,confidence,7
1,1,0,-1,3,social,7
1,1,0,-1,4,easiness,6
1,1,0,-1,4,comfort,7
1,1,0,-1,4,confidence,7
1,1,0,-1,4,social,7
1,1,0,-1,5,easiness,7
1,1,0,-1,5,comfort,7
1,1,0,-1,5,confidence,7
1,1,0,-1,5,social,7
1,1,0,-1,6,easiness,7
1,1,0,-1,6,comfort,7
1,1,0,-1,6,confidence,7
1,1,0,-1,6,social,7
1,1,0,-1,7,easiness,6
1,1,0,-1,7,comfort,5
1,1,0,-1,7,confidence,6
1,1,0,-1,7,social,7
1,1,0,-1,8,easiness,7
1,1,0,-1,8,comfort,6
1,1,0,-1,8,confidence,7
1,1,0,-1,8,social,7
1,1,1,-1,1,easiness,4
1,1,1,-1,1,comfort,4
1,1,1,-1,1,confidence,4
1,1,1,-1,1,social,7
1,1,1,-1,2,easiness,4
1,1,1,-1,2,comfort,4
1,1,1,-1,2,confidence,4
1,1,1,-1,2,social,7
1,1,1,-1,3,easiness,6
1,1,1,-1,3,comfort,5
1,1,1,-1,3,confidence,6
1,1,1,-1,3,social,7
1,1,1,-1,4,easiness,6
1,1,1,-1,4,comfort,6
1,1,1,-1,4,confidence,7
1,1,1,-1,4,social,7
1,1,1,-1,5,easiness,6
1,1,1,-1,5,comfort,5
1,1,1,-1,5,confidence,5
1,1,1,-1,5,social,7
1,1,1,-1,6,easiness,5
1,1,1,-1,6,comfort,6
1,1,1,-1,6,confidence,5
1,1,1,-1,6,social,7
1,1,1,-1,7,easiness,5
1,1,1,-1,7,comfort,4
1,1,1,-1,7,confidence,5
1,1,1,-1,7,social,7
1,1,1,-1,8,easiness,5
1,1,1,-1,8,comfort,6
1,1,1,-1,8,confidence,6
1,1,1,-1,8,social,7
8,1,0,-1,1,easiness,6
8,1,0,-1,1,comfort,6
8,1,0,-1,1,confidence,6
8,1,0,-1,1,social,6
8,1,0,-1,2,easiness,5
8,1,0,-1,2,comfort,6
8,1,0,-1,2,confidence,6
8,1,0,-1,2,social,6
8,1,0,-1,3,easiness,7
8,1,0,-1,3,comfort,7
8,1,0,-1,3,confidence,6
8,1,0,-1,3,social,6
8,1,0,-1,4,easiness,7
8,1,0,-1,4,comfort,7
8,1,0,-1,4,confidence,6
8,1,0,-1,4,social,7
8,1,0,-1,5,easiness,7
8,1,0,-1,5,comfort,7
8,1,0,-1,5,confidence,7
8,1,0,-1,5,social,7
8,1,0,-1,6,easiness,7
8,1,0,-1,6,comfort,7
8,1,0,-1,6,confidence,7
8,1,0,-1,6,social,7
8,1,0,-1,7,easiness,3
8,1,0,-1,7,comfort,3
8,1,0,-1,7,confidence,5
8,1,0,-1,7,social,6
8,1,0,-1,8,easiness,5
8,1,0,-1,8,comfort,4
8,1,0,-1,8,confidence,6
8,1,0,-1,8,social,6
8,1,1,-1,1,easiness,2
8,1,1,-1,1,comfort,1
8,1,1,-1,1,confidence,3
8,1,1,-1,1,social,4
8,1,1,-1,2,easiness,1
8,1,1,-1,2,comfort,1
8,1,1,-1,2,confidence,2
8,1,1,-1,2,social,4
8,1,1,-1,3,easiness,4
8,1,1,-1,3,comfort,4
8,1,1,-1,3,confidence,6
8,1,1,-1,3,social,5
8,1,1,-1,4,easiness,5
8,1,1,-1,4,comfort,5
8,1,1,-1,4,confidence,4
8,1,1,-1,4,social,5
8,1,1,-1,5,easiness,5
8,1,1,-1,5,comfort,4
8,1,1,-1,5,confidence,6
8,1,1,-1,5,social,6
8,1,1,-1,6,easiness,3
8,1,1,-1,6,comfort,3
8,1,1,-1,6,confidence,5
8,1,1,-1,6,social,5
8,1,1,-1,7,easiness,4
8,1,1,-1,7,comfort,3
8,1,1,-1,7,confidence,5
8,1,1,-1,7,social,5
8,1,1,-1,8,easiness,4
8,1,1,-1,8,comfort,5
8,1,1,-1,8,confidence,5
8,1,1,-1,8,social,6
3,1,0,-1,1,easiness,4
3,1,0,-1,1,comfort,4
3,1,0,-1,1,confidence,4
3,1,0,-1,1,social,2
3,1,0,-1,2,easiness,4
3,1,0,-1,2,comfort,4
3,1,0,-1,2,confidence,4
3,1,0,-1,2,social,2
3,1,0,-1,3,easiness,4
3,1,0,-1,3,comfort,4
3,1,0,-1,3,confidence,4
3,1,0,-1,3,social,2
3,1,0,-1,4,easiness,4
3,1,0,-1,4,comfort,4
3,1,0,-1,4,confidence,4
3,1,0,-1,4,social,2
3,1,0,-1,5,easiness,5
3,1,0,-1,5,comfort,5
3,1,0,-1,5,confidence,5
3,1,0,-1,5,social,6
3,1,0,-1,6,easiness,5
3,1,0,-1,6,comfort,5
3,1,0,-1,6,confidence,5
3,1,0,-1,6,social,6
3,1,0,-1,7,easiness,4
3,1,0,-1,7,comfort,5
3,1,0,-1,7,confidence,5
3,1,0,-1,7,social,6
3,1,0,-1,8,easiness,5
3,1,0,-1,8,comfort,5
3,1,0,-1,8,confidence,5
3,1,0,-1,8,social,6
3,1,1,-1,1,easiness,5
3,1,1,-1,1,comfort,5
3,1,1,-1,1,confidence,5
3,1,1,-1,1,social,6
3,1,1,-1,2,easiness,5
3,1,1,-1,2,comfort,5
3,1,1,-1,2,confidence,5
3,1,1,-1,2,social,6
3,1,1,-1,3,easiness,5
3,1,1,-1,3,comfort,5
3,1,1,-1,3,confidence,5
3,1,1,-1,3,social,6
3,1,1,-1,4,easiness,5
3,1,1,-1,4,comfort,5
3,1,1,-1,4,confidence,5
3,1,1,-1,4,social,6
3,1,1,-1,5,easiness,3
3,1,1,-1,5,comfort,3
3,1,1,-1,5,confidence,3
3,1,1,-1,5,social,3
3,1,1,-1,6,easiness,3
3,1,1,-1,6,comfort,4
3,1,1,-1,6,confidence,3
3,1,1,-1,6,social,3
3,1,1,-1,7,easiness,3
3,1,1,-1,7,comfort,3
3,1,1,-1,7,confidence,3
3,1,1,-1,7,social,3
3,1,1,-1,8,easiness,3
3,1,1,-1,8,comfort,3
3,1,1,-1,8,confidence,3
3,1,1,-1,8,social,3
6,1,0,-1,1,easiness,4
6,1,0,-1,1,comfort,5
6,1,0,-1,1,confidence,3
6,1,0,-1,1,social,6
6,1,0,-1,2,easiness,3
6,1,0,-1,2,comfort,3
6,1,0,-1,2,confidence,4
6,1,0,-1,2,social,5
6,1,0,-1,3,easiness,4
6,1,0,-1,3,comfort,5
6,1,0,-1,3,confidence,5
6,1,0,-1,3,social,6
6,1,0,-1,4,easiness,5
6,1,0,-1,4,comfort,6
6,1,0,-1,4,confidence,6
6,1,0,-1,4,social,6
6,1,0,-1,5,easiness,7
6,1,0,-1,5,comfort,6
6,1,0,-1,5,confidence,7
6,1,0,-1,5,social,7
6,1,0,-1,6,easiness,6
6,1,0,-1,6,comfort,6
6,1,0,-1,6,confidence,7
6,1,0,-1,6,social,7
6,1,0,-1,7,easiness,5
6,1,0,-1,7,comfort,4
6,1,0,-1,7,confidence,5
6,1,0,-1,7,social,6
6,1,0,-1,8,easiness,4
6,1,0,-1,8,comfort,4
6,1,0,-1,8,confidence,5
6,1,0,-1,8,social,6
6,1,1,-1,1,easiness,3
6,1,1,-1,1,comfort,3
6,1,1,-1,1,confidence,4
6,1,1,-1,1,social,4
6,1,1,-1,2,easiness,3
6,1,1,-1,2,comfort,3
6,1,1,-1,2,confidence,4
6,1,1,-1,2,social,4
6,1,1,-1,3,easiness,3
6,1,1,-1,3,comfort,3
6,1,1,-1,3,confidence,3
6,1,1,-1,3,social,4
6,1,1,-1,4,easiness,3
6,1,1,-1,4,comfort,3
6,1,1,-1,4,confidence,4
6,1,1,-1,4,social,4
6,1,1,-1,5,easiness,2
6,1,1,-1,5,comfort,2
6,1,1,-1,5,confidence,2
6,1,1,-1,5,social,1
6,1,1,-1,6,easiness,2
6,1,1,-1,6,comfort,2
6,1,1,-1,6,confidence,1
6,1,1,-1,6,social,1
6,1,1,-1,7,easiness,2
6,1,1,-1,7,comfort,2
6,1,1,-1,7,confidence,1
6,1,1,-1,7,social,1
6,1,1,-1,8,easiness,1
6,1,1,-1,8,comfort,1
6,1,1,-1,8,confidence,1
6,1,1,-1,8,social,1
12,1,0,-1,1,easiness,4
12,1,0,-1,1,comfort,3
12,1,0,-1,1,confidence,7
12,1,0,-1,1,social,3
12,1,0,-1,2,easiness,4
12,1,0,-1,2,comfort,3
12,1,0,-1,2,confidence,7
12,1,0,-1,2,social,3
12,1,0,-1,3,easiness,5
12,1,0,-1,3,comfort,4
12,1,0,-1,3,confidence,7
12,1,0,-1,3,social,4
12,1,0,-1,4,easiness,5
12,1,0,-1,4,comfort,4
12,1,0,-1,4,confidence,7
12,1,0,-1,4,social,4
12,1,0,-1,5,easiness,7
12,1,0,-1,5,comfort,7
12,1,0,-1,5,confidence,7
12,1,0,-1,5,social,7
12,1,0,-1,6,easiness,7
12,1,0,-1,6,comfort,7
12,1,0,-1,6,confidence,7
12,1,0,-1,6,social,7
12,1,0,-1,7,easiness,7
12,1,0,-1,7,comfort,7
12,1,0,-1,7,confidence,7
12,1,0,-1,7,social,7
12,1,0,-1,8,easiness,7
12,1,0,-1,8,comfort,7
12,1,0,-1,8,confidence,7
12,1,0,-1,8,social,7
12,1,1,-1,1,easiness,5
12,1,1,-1,1,comfort,4
12,1,1,-1,1,confidence,7
12,1,1,-1,1,social,5
12,1,1,-1,2,easiness,5
12,1,1,-1,2,comfort,4
12,1,1,-1,2,confidence,7
12,1,1,-1,2,social,5
12,1,1,-1,3,easiness,5
12,1,1,-1,3,comfort,4
12,1,1,-1,3,confidence,7
12,1,1,-1,3,social,6
12,1,1,-1,4,easiness,5
12,1,1,-1,4,comfort,4
12,1,1,-1,4,confidence,7
12,1,1,-1,4,social,6
12,1,1,-1,5,easiness,6
12,1,1,-1,5,comfort,6
12,1,1,-1,5,confidence,7
12,1,1,-1,5,social,6
12,1,1,-1,6,easiness,6
12,1,1,-1,6,comfort,6
12,1,1,-1,6,confidence,7
12,1,1,-1,6,social,6
12,1,1,-1,7,easiness,6
12,1,1,-1,7,comfort,6
12,1,1,-1,7,confidence,7
12,1,1,-1,7,social,6
12,1,1,-1,8,easiness,6
12,1,1,-1,8,comfort,6
12,1,1,-1,8,confidence,7
12,1,1,-1,8,social,6
2,1,0,-1,1,easiness,5
2,1,0,-1,1,comfort,4
2,1,0,-1,1,confidence,4
2,1,0,-1,1,social,4
2,1,0,-1,2,easiness,4
2,1,0,-1,2,comfort,3
2,1,0,-1,2,confidence,3
2,1,0,-1,2,social,3
2,1,0,-1,3,easiness,5
2,1,0,-1,3,comfort,5
2,1,0,-1,3,confidence,5
2,1,0,-1,3,social,5
2,1,0,-1,4,easiness,2
2,1,0,-1,4,comfort,2
2,1,0,-1,4,confidence,1
2,1,0,-1,4,social,3
2,1,0,-1,5,easiness,7
2,1,0,-1,5,comfort,7
2,1,0,-1,5,confidence,7
2,1,0,-1,5,social,7
2,1,0,-1,6,easiness,7
2,1,0,-1,6,comfort,7
2,1,0,-1,6,confidence,7
2,1,0,-1,6,social,7
2,1,0,-1,7,easiness,7
2,1,0,-1,7,comfort,7
2,1,0,-1,7,confidence,7
2,1,0,-1,7,social,7
2,1,0,-1,8,easiness,7
2,1,0,-1,8,comfort,7
2,1,0,-1,8,confidence,7
2,1,0,-1,8,social,7
2,1,1,-1,1,easiness,3
2,1,1,-1,1,comfort,3
2,1,1,-1,1,confidence,2
2,1,1,-1,1,social,3
2,1,1,-1,2,easiness,4
2,1,1,-1,2,comfort,4
2,1,1,-1,2,confidence,4
2,1,1,-1,2,social,4
2,1,1,-1,3,easiness,5
2,1,1,-1,3,comfort,3
2,1,1,-1,3,confidence,4
2,1,1,-1,3,social,4
2,1,1,-1,4,easiness,5
2,1,1,-1,4,comfort,5
2,1,1,-1,4,confidence,5
2,1,1,-1,4,social,5
2,1,1,-1,5,easiness,7
2,1,1,-1,5,comfort,6
2,1,1,-1,5,confidence,6
2,1,1,-1,5,social,6
2,1,1,-1,6,easiness,7
2,1,1,-1,6,comfort,7
2,1,1,-1,6,confidence,7
2,1,1,-1,6,social,7
2,1,1,-1,7,easiness,7
2,1,1,-1,7,comfort,7
2,1,1,-1,7,confidence,7
2,1,1,-1,7,social,7
2,1,1,-1,8,easiness,7
2,1,1,-1,8,comfort,7
2,1,1,-1,8,confidence,7
2,1,1,-1,8,social,7
7,1,0,-1,1,easiness,1
7,1,0,-1,1,comfort,1
7,1,0,-1,1,confidence,1
7,1,0,-1,1,social,2
7,1,0,-1,2,easiness,1
7,1,0,-1,2,comfort,1
7,1,0,-1,2,confidence,1
7,1,0,-1,2,social,2
7,1,0,-1,3,easiness,2
7,1,0,-1,3,comfort,2
7,1,0,-1,3,confidence,3
7,1,0,-1,3,social,3
7,1,0,-1,4,easiness,2
7,1,0,-1,4,comfort,2
7,1,0,-1,4,confidence,3
7,1,0,-1,4,social,3
7,1,0,-1,5,easiness,7
7,1,0,-1,5,comfort,7
7,1,0,-1,5,confidence,7
7,1,0,-1,5,social,7
7,1,0,-1,6,easiness,7
7,1,0,-1,6,comfort,7
7,1,0,-1,6,confidence,7
7,1,0,-1,6,social,7
7,1,0,-1,7,easiness,6
7,1,0,-1,7,comfort,6
7,1,0,-1,7,confidence,6
7,1,0,-1,7,social,7
7,1,0,-1,8,easiness,6
7,1,0,-1,8,comfort,6
7,1,0,-1,8,confidence,6
7,1,0,-1,8,social,7
7,1,1,-1,1,easiness,1
7,1,1,-1,1,comfort,1
7,1,1,-1,1,confidence,1
7,1,1,-1,1,social,2
7,1,1,-1,2,easiness,1
7,1,1,-1,2,comfort,1
7,1,1,-1,2,confidence,1
7,1,1,-1,2,social,2
7,1,1,-1,3,easiness,2
7,1,1,-1,3,comfort,2
7,1,1,-1,3,confidence,2
7,1,1,-1,3,social,3
7,1,1,-1,4,easiness,2
7,1,1,-1,4,comfort,2
7,1,1,-1,4,confidence,2
7,1,1,-1,4,social,3
7,1,1,-1,5,easiness,4
7,1,1,-1,5,comfort,3
7,1,1,-1,5,confidence,3
7,1,1,-1,5,social,5
7,1,1,-1,6,easiness,4
7,1,1,-1,6,comfort,3
7,1,1,-1,6,confidence,3
7,1,1,-1,6,social,5
7,1,1,-1,7,easiness,3
7,1,1,-1,7,comfort,2
7,1,1,-1,7,confidence,2
7,1,1,-1,7,social,3
7,1,1,-1,8,easiness,3
7,1,1,-1,8,comfort,2
7,1,1,-1,8,confidence,3
7,1,1,-1,8,social,3
17,1,0,-1,1,easiness,2
17,1,0,-1,1,comfort,2
17,1,0,-1,1,confidence,7
17,1,0,-1,1,social,4
17,1,0,-1,2,easiness,1
17,1,0,-1,2,comfort,1
17,1,0,-1,2,confidence,7
17,1,0,-1,2,social,4
17,1,0,-1,3,easiness,2
17,1,0,-1,3,comfort,2
17,1,0,-1,3,confidence,7
17,1,0,-1,3,social,6
17,1,0,-1,4,easiness,3
17,1,0,-1,4,comfort,3
17,1,0,-1,4,confidence,7
17,1,0,-1,4,social,6
17,1,0,-1,5,easiness,6
17,1,0,-1,5,comfort,6
17,1,0,-1,5,confidence,7
17,1,0,-1,5,social,7
17,1,0,-1,6,easiness,7
17,1,0,-1,6,comfort,7
17,1,0,-1,6,confidence,7
17,1,0,-1,6,social,7
17,1,0,-1,7,easiness,3
17,1,0,-1,7,comfort,4
17,1,0,-1,7,confidence,7
17,1,0,-1,7,social,7
17,1,0,-1,8,easiness,3
17,1,0,-1,8,comfort,3
17,1,0,-1,8,confidence,7
17,1,0,-1,8,social,7
17,1,1,-1,1,easiness,4
17,1,1,-1,1,comfort,4
17,1,1,-1,1,confidence,7
17,1,1,-1,1,social,7
17,1,1,-1,2,easiness,5
17,1,1,-1,2,comfort,5
17,1,1,-1,2,confidence,7
17,1,1,-1,2,social,7
17,1,1,-1,3,easiness,5
17,1,1,-1,3,comfort,5
17,1,1,-1,3,confidence,7
17,1,1,-1,3,social,7
17,1,1,-1,4,easiness,7
17,1,1,-1,4,comfort,7
17,1,1,-1,4,confidence,7
17,1,1,-1,4,social,7
17,1,1,-1,5,easiness,7
17,1,1,-1,5,comfort,7
17,1,1,-1,5,confidence,7
17,1,1,-1,5,social,7
17,1,1,-1,6,easiness,7
17,1,1,-1,6,comfort,7
17,1,1,-1,6,confidence,7
17,1,1,-1,6,social,7
17,1,1,-1,7,easiness,3
17,1,1,-1,7,comfort,3
17,1,1,-1,7,confidence,7
17,1,1,-1,7,social,7
17,1,1,-1,8,easiness,6
17,1,1,-1,8,comfort,6
17,1,1,-1,8,confidence,7
17,1,1,-1,8,social,7
14,1,0,-1,1,easiness,4
14,1,0,-1,1,comfort,5
14,1,0,-1,1,confidence,4
14,1,0,-1,1,social,4
14,1,0,-1,2,easiness,5
14,1,0,-1,2,comfort,5
14,1,0,-1,2,confidence,4
14,1,0,-1,2,social,5
14,1,0,-1,3,easiness,7
14,1,0,-1,3,comfort,6
14,1,0,-1,3,confidence,7
14,1,0,-1,3,social,6
14,1,0,-1,4,easiness,6
14,1,0,-1,4,comfort,6
14,1,0,-1,4,confidence,5
14,1,0,-1,4,social,6
14,1,0,-1,5,easiness,7
14,1,0,-1,5,comfort,6
14,1,0,-1,5,confidence,7
14,1,0,-1,5,social,7
14,1,0,-1,6,easiness,7
14,1,0,-1,6,comfort,6
14,1,0,-1,6,confidence,7
14,1,0,-1,6,social,7
14,1,0,-1,7,easiness,5
14,1,0,-1,7,comfort,5
14,1,0,-1,7,confidence,6
14,1,0,-1,7,social,6
14,1,0,-1,8,easiness,7
14,1,0,-1,8,comfort,5
14,1,0,-1,8,confidence,6
14,1,0,-1,8,social,6
14,1,1,-1,1,easiness,2
14,1,1,-1,1,comfort,1
14,1,1,-1,1,confidence,1
14,1,1,-1,1,social,1
14,1,1,-1,2,easiness,2
14,1,1,-1,2,comfort,1
14,1,1,-1,2,confidence,1
14,1,1,-1,2,social,1
14,1,1,-1,3,easiness,3
14,1,1,-1,3,comfort,2
14,1,1,-1,3,confidence,3
14,1,1,-1,3,social,2
14,1,1,-1,4,easiness,2
14,1,1,-1,4,comfort,2
14,1,1,-1,4,confidence,3
14,1,1,-1,4,social,2
14,1,1,-1,5,easiness,3
14,1,1,-1,5,comfort,2
14,1,1,-1,5,confidence,3
14,1,1,-1,5,social,2
14,1,1,-1,6,easiness,3
14,1,1,-1,6,comfort,2
14,1,1,-1,6,confidence,2
14,1,1,-1,6,social,2
14,1,1,-1,7,easiness,4
14,1,1,-1,7,comfort,3
14,1,1,-1,7,confidence,2
14,1,1,-1,7,social,3
14,1,1,-1,8,easiness,4
14,1,1,-1,8,comfort,3
14,1,1,-1,8,confidence,2
14,1,1,-1,8,social,2
9,1,0,-1,1,easiness,1
9,1,0,-1,1,comfort,1
9,1,0,-1,1,confidence,2
9,1,0,-1,1,social,4
9,1,0,-1,2,easiness,2
9,1,0,-1,2,comfort,1
9,1,0,-1,2,confidence,3
9,1,0,-1,2,social,4
9,1,0,-1,3,easiness,7
9,1,0,-1,3,comfort,7
9,1,0,-1,3,confidence,7
9,1,0,-1,3,social,7
9,1,0,-1,4,easiness,7
9,1,0,-1,4,comfort,7
9,1,0,-1,4,confidence,7
9,1,0,-1,4,social,7
9,1,0,-1,5,easiness,7
9,1,0,-1,5,comfort,7
9,1,0,-1,5,confidence,7
9,1,0,-1,5,social,7
9,1,0,-1,6,easiness,5
9,1,0,-1,6,comfort,4
9,1,0,-1,6,confidence,6
9,1,0,-1,6,social,6
9,1,0,-1,7,easiness,4
9,1,0,-1,7,comfort,4
9,1,0,-1,7,confidence,5
9,1,0,-1,7,social,6
9,1,0,-1,8,easiness,4
9,1,0,-1,8,comfort,4
9,1,0,-1,8,confidence,6
9,1,0,-1,8,social,6
9,1,1,-1,1,easiness,2
9,1,1,-1,1,comfort,1
9,1,1,-1,1,confidence,3
9,1,1,-1,1,social,4
9,1,1,-1,2,easiness,2
9,1,1,-1,2,comfort,1
9,1,1,-1,2,confidence,3
9,1,1,-1,2,social,4
9,1,1,-1,3,easiness,1
9,1,1,-1,3,comfort,1
9,1,1,-1,3,confidence,3
9,1,1,-1,3,social,4
9,1,1,-1,4,easiness,2
9,1,1,-1,4,comfort,1
9,1,1,-1,4,confidence,4
9,1,1,-1,4,social,4
9,1,1,-1,5,easiness,6
9,1,1,-1,5,comfort,6
9,1,1,-1,5,confidence,6
9,1,1,-1,5,social,6
9,1,1,-1,6,easiness,4
9,1,1,-1,6,comfort,4
9,1,1,-1,6,confidence,5
9,1,1,-1,6,social,5
9,1,1,-1,7,easiness,3
9,1,1,-1,7,comfort,3
9,1,1,-1,7,confidence,4
9,1,1,-1,7,social,5
9,1,1,-1,8,easiness,3
9,1,1,-1,8,comfort,2
9,1,1,-1,8,confidence,5
9,1,1,-1,8,social,5
22,1,0,-1,1,easiness,6
22,1,0,-1,1,comfort,5
22,1,0,-1,1,confidence,5
22,1,0,-1,1,social,5
22,1,0,-1,2,easiness,6
22,1,0,-1,2,comfort,5
22,1,0,-1,2,confidence,5
22,1,0,-1,2,social,5
22,1,0,-1,3,easiness,6
22,1,0,-1,3,comfort,5
22,1,0,-1,3,confidence,5
22,1,0,-1,3,social,5
22,1,0,-1,4,easiness,6
22,1,0,-1,4,comfort,5
22,1,0,-1,4,confidence,5
22,1,0,-1,4,social,5
22,1,0,-1,5,easiness,7
22,1,0,-1,5,comfort,6
22,1,0,-1,5,confidence,6
22,1,0,-1,5,social,7
22,1,0,-1,6,easiness,7
22,1,0,-1,6,comfort,7
22,1,0,-1,6,confidence,6
22,1,0,-1,6,social,7
22,1,0,-1,7,easiness,4
22,1,0,-1,7,comfort,3
22,1,0,-1,7,confidence,5
22,1,0,-1,7,social,1
22,1,0,-1,8,easiness,4
22,1,0,-1,8,comfort,4
22,1,0,-1,8,confidence,2
22,1,0,-1,8,social,6
22,1,1,-1,1,easiness,6
22,1,1,-1,1,comfort,5
22,1,1,-1,1,confidence,3
22,1,1,-1,1,social,5
22,1,1,-1,2,easiness,6
22,1,1,-1,2,comfort,5
22,1,1,-1,2,confidence,3
22,1,1,-1,2,social,5
22,1,1,-1,3,easiness,6
22,1,1,-1,3,comfort,6
22,1,1,-1,3,confidence,4
22,1,1,-1,3,social,6
22,1,1,-1,4,easiness,7
22,1,1,-1,4,comfort,6
22,1,1,-1,4,confidence,4
22,1,1,-1,4,social,6
22,1,1,-1,5,easiness,4
22,1,1,-1,5,comfort,3
22,1,1,-1,5,confidence,3
22,1,1,-1,5,social,6
22,1,1,-1,6,easiness,5
22,1,1,-1,6,comfort,4
22,1,1,-1,6,confidence,4
22,1,1,-1,6,social,6
22,1,1,-1,7,easiness,4
22,1,1,-1,7,comfort,3
22,1,1,-1,7,confidence,5
22,1,1,-1,7,social,1
22,1,1,-1,8,easiness,3
22,1,1,-1,8,comfort,1
22,1,1,-1,8,confidence,1
22,1,1,-1,8,social,3
19,1,0,-1,1,easiness,5
19,1,0,-1,1,comfort,5
19,1,0,-1,1,confidence,5
19,1,0,-1,1,social,7
19,1,0,-1,2,easiness,5
19,1,0,-1,2,comfort,5
19,1,0,-1,2,confidence,5
19,1,0,-1,2,social,7
19,1,0,-1,3,easiness,2
19,1,0,-1,3,comfort,3
19,1,0,-1,3,confidence,3
19,1,0,-1,3,social,7
19,1,0,-1,4,easiness,4
19,1,0,-1,4,comfort,4
19,1,0,-1,4,confidence,4
19,1,0,-1,4,social,4
19,1,0,-1,5,easiness,7
19,1,0,-1,5,comfort,7
19,1,0,-1,5,confidence,7
19,1,0,-1,5,social,7
19,1,0,-1,6,easiness,5
19,1,0,-1,6,comfort,5
19,1,0,-1,6,confidence,6
19,1,0,-1,6,social,7
19,1,0,-1,7,easiness,1
19,1,0,-1,7,comfort,1
19,1,0,-1,7,confidence,1
19,1,0,-1,7,social,6
19,1,0,-1,8,easiness,1
19,1,0,-1,8,comfort,1
19,1,0,-1,8,confidence,1
19,1,0,-1,8,social,6
19,1,1,-1,1,easiness,2
19,1,1,-1,1,comfort,2
19,1,1,-1,1,confidence,1
19,1,1,-1,1,social,7
19,1,1,-1,2,easiness,4
19,1,1,-1,2,comfort,3
19,1,1,-1,2,confidence,5
19,1,1,-1,2,social,7
19,1,1,-1,3,easiness,6
19,1,1,-1,3,comfort,7
19,1,1,-1,3,confidence,5
19,1,1,-1,3,social,7
19,1,1,-1,4,easiness,7
19,1,1,-1,4,comfort,7
19,1,1,-1,4,confidence,7
19,1,1,-1,4,social,7
19,1,1,-1,5,easiness,4
19,1,1,-1,5,comfort,4
19,1,1,-1,5,confidence,5
19,1,1,-1,5,social,7
19,1,1,-1,6,easiness,6
19,1,1,-1,6,comfort,6
19,1,1,-1,6,confidence,6
19,1,1,-1,6,social,7
19,1,1,-1,7,easiness,3
19,1,1,-1,7,comfort,3
19,1,1,-1,7,confidence,3
19,1,1,-1,7,social,6
19,1,1,-1,8,easiness,5
19,1,1,-1,8,comfort,5
19,1,1,-1,8,confidence,5
19,1,1,-1,8,social,7
10,1,0,-1,1,easiness,6
10,1,0,-1,1,comfort,6
10,1,0,-1,1,confidence,7
10,1,0,-1,1,social,1
10,1,0,-1,2,easiness,5
10,1,0,-1,2,comfort,5
10,1,0,-1,2,confidence,6
10,1,0,-1,2,social,1
10,1,0,-1,3,easiness,6
10,1,0,-1,3,comfort,6
10,1,0,-1,3,confidence,6
10,1,0,-1,3,social,1
10,1,0,-1,4,easiness,5
10,1,0,-1,4,comfort,5
10,1,0,-1,4,confidence,6
10,1,0,-1,4,social,1
10,1,0,-1,5,easiness,7
10,1,0,-1,5,comfort,7
10,1,0,-1,5,confidence,7
10,1,0,-1,5,social,5
10,1,0,-1,6,easiness,7
10,1,0,-1,6,comfort,7
10,1,0,-1,6,confidence,7
10,1,0,-1,6,social,7
10,1,0,-1,7,easiness,2
10,1,0,-1,7,comfort,2
10,1,0,-1,7,confidence,4
10,1,0,-1,7,social,1
10,1,0,-1,8,easiness,5
10,1,0,-1,8,comfort,5
10,1,0,-1,8,confidence,6
10,1,0,-1,8,social,5
10,1,1,-1,1,easiness,1
10,1,1,-1,1,comfort,1
10,1,1,-1,1,confidence,1
10,1,1,-1,1,social,1
10,1,1,-1,2,easiness,4
10,1,1,-1,2,comfort,4
10,1,1,-1,2,confidence,6
10,1,1,-1,2,social,1
10,1,1,-1,3,easiness,6
10,1,1,-1,3,comfort,6
10,1,1,-1,3,confidence,6
10,1,1,-1,3,social,1
10,1,1,-1,4,easiness,5
10,1,1,-1,4,comfort,4
10,1,1,-1,4,confidence,6
10,1,1,-1,4,social,1
10,1,1,-1,5,easiness,5
10,1,1,-1,5,comfort,5
10,1,1,-1,5,confidence,6
10,1,1,-1,5,social,3
10,1,1,-1,6,easiness,7
10,1,1,-1,6,comfort,6
10,1,1,-1,6,confidence,7
10,1,1,-1,6,social,6
10,1,1,-1,7,easiness,5
10,1,1,-1,7,comfort,5
10,1,1,-1,7,confidence,6
10,1,1,-1,7,social,4
10,1,1,-1,8,easiness,7
10,1,1,-1,8,comfort,6
10,1,1,-1,8,confidence,6
10,1,1,-1,8,social,6
25,1,0,-1,1,easiness,6
25,1,0,-1,1,comfort,6
25,1,0,-1,1,confidence,7
25,1,0,-1,1,social,7
25,1,0,-1,2,easiness,4
25,1,0,-1,2,comfort,3
25,1,0,-1,2,confidence,5
25,1,0,-1,2,social,5
25,1,0,-1,3,easiness,7
25,1,0,-1,3,comfort,7
25,1,0,-1,3,confidence,7
25,1,0,-1,3,social,7
25,1,0,-1,4,easiness,4
25,1,0,-1,4,comfort,4
25,1,0,-1,4,confidence,5
25,1,0,-1,4,social,6
25,1,0,-1,5,easiness,3
25,1,0,-1,5,comfort,2
25,1,0,-1,5,confidence,2
25,1,0,-1,5,social,4
25,1,0,-1,6,easiness,7
25,1,0,-1,6,comfort,7
25,1,0,-1,6,confidence,7
25,1,0,-1,6,social,7
25,1,0,-1,7,easiness,1
25,1,0,-1,7,comfort,1
25,1,0,-1,7,confidence,1
25,1,0,-1,7,social,1
25,1,0,-1,8,easiness,3
25,1,0,-1,8,comfort,2
25,1,0,-1,8,confidence,2
25,1,0,-1,8,social,3
25,1,1,-1,1,easiness,2
25,1,1,-1,1,comfort,2
25,1,1,-1,1,confidence,1
25,1,1,-1,1,social,4
25,1,1,-1,2,easiness,2
25,1,1,-1,2,comfort,2
25,1,1,-1,2,confidence,1
25,1,1,-1,2,social,3
25,1,1,-1,3,easiness,1
25,1,1,-1,3,comfort,1
25,1,1,-1,3,confidence,1
25,1,1,-1,3,social,2
25,1,1,-1,4,easiness,4
25,1,1,-1,4,comfort,5
25,1,1,-1,4,confidence,1
25,1,1,-1,4,social,3
25,1,1,-1,5,easiness,1
25,1,1,-1,5,comfort,1
25,1,1,-1,5,confidence,1
25,1,1,-1,5,social,1
25,1,1,-1,6,easiness,1
25,1,1,-1,6,comfort,1
25,1,1,-1,6,confidence,1
25,1,1,-1,6,social,1
25,1,1,-1,7,easiness,1
25,1,1,-1,7,comfort,1
25,1,1,-1,7,confidence,1
25,1,1,-1,7,social,1
25,1,1,-1,8,easiness,1
25,1,1,-1,8,comfort,1
25,1,1,-1,8,confidence,1
25,1,1,-1,8,social,1
5,1,0,-1,1,easiness,2
5,1,0,-1,1,comfort,2
5,1,0,-1,1,confidence,3
5,1,0,-1,1,social,4
5,1,0,-1,2,easiness,2
5,1,0,-1,2,comfort,2
5,1,0,-1,2,confidence,3
5,1,0,-1,2,social,4
5,1,0,-1,3,easiness,2
5,1,0,-1,3,comfort,2
5,1,0,-1,3,confidence,3
5,1,0,-1,3,social,4
5,1,0,-1,4,easiness,2
5,1,0,-1,4,comfort,2
5,1,0,-1,4,confidence,3
5,1,0,-1,4,social,4
5,1,0,-1,5,easiness,6
5,1,0,-1,5,comfort,6
5,1,0,-1,5,confidence,6
5,1,0,-1,5,social,6
5,1,0,-1,6,easiness,6
5,1,0,-1,6,comfort,6
5,1,0,-1,6,confidence,6
5,1,0,-1,6,social,6
5,1,0,-1,7,easiness,5
5,1,0,-1,7,comfort,5
5,1,0,-1,7,confidence,5
5,1,0,-1,7,social,5
5,1,0,-1,8,easiness,5
5,1,0,-1,8,comfort,5
5,1,0,-1,8,confidence,5
5,1,0,-1,8,social,5
5,1,1,-1,1,easiness,3
5,1,1,-1,1,comfort,3
5,1,1,-1,1,confidence,4
5,1,1,-1,1,social,4
5,1,1,-1,2,easiness,4
5,1,1,-1,2,comfort,4
5,1,1,-1,2,confidence,4
5,1,1,-1,2,social,5
5,1,1,-1,3,easiness,5
5,1,1,-1,3,comfort,5
5,1,1,-1,3,confidence,5
5,1,1,-1,3,social,5
5,1,1,-1,4,easiness,5
5,1,1,-1,4,comfort,5
5,1,1,-1,4,confidence,5
5,1,1,-1,4,social,5
5,1,1,-1,5,easiness,5
5,1,1,-1,5,comfort,5
5,1,1,-1,5,confidence,5
5,1,1,-1,5,social,5
5,1,1,-1,6,easiness,6
5,1,1,-1,6,comfort,6
5,1,1,-1,6,confidence,6
5,1,1,-1,6,social,6
5,1,1,-1,7,easiness,5
5,1,1,-1,7,comfort,5
5,1,1,-1,7,confidence,5
5,1,1,-1,7,social,5
5,1,1,-1,8,easiness,4
5,1,1,-1,8,comfort,4
5,1,1,-1,8,confidence,4
5,1,1,-1,8,social,5
4,1,0,-1,1,easiness,3
4,1,0,-1,1,comfort,3
4,1,0,-1,1,confidence,7
4,1,0,-1,1,social,5
4,1,0,-1,2,easiness,2
4,1,0,-1,2,comfort,2
4,1,0,-1,2,confidence,6
4,1,0,-1,2,social,3
4,1,0,-1,3,easiness,4
4,1,0,-1,3,comfort,3
4,1,0,-1,3,confidence,4
4,1,0,-1,3,social,4
4,1,0,-1,4,easiness,6
4,1,0,-1,4,comfort,6
4,1,0,-1,4,confidence,6
4,1,0,-1,4,social,6
4,1,0,-1,5,easiness,7
4,1,0,-1,5,comfort,7
4,1,0,-1,5,confidence,7
4,1,0,-1,5,social,7
4,1,0,-1,6,easiness,4
4,1,0,-1,6,comfort,4
4,1,0,-1,6,confidence,5
4,1,0,-1,6,social,5
4,1,0,-1,7,easiness,3
4,1,0,-1,7,comfort,3
4,1,0,-1,7,confidence,4
4,1,0,-1,7,social,4
4,1,0,-1,8,easiness,4
4,1,0,-1,8,comfort,4
4,1,0,-1,8,confidence,3
4,1,0,-1,8,social,5
4,1,1,-1,1,easiness,5
4,1,1,-1,1,comfort,5
4,1,1,-1,1,confidence,5
4,1,1,-1,1,social,5
4,1,1,-1,2,easiness,6
4,1,1,-1,2,comfort,6
4,1,1,-1,2,confidence,2
4,1,1,-1,2,social,6
4,1,1,-1,3,easiness,7
4,1,1,-1,3,comfort,7
4,1,1,-1,3,confidence,1
4,1,1,-1,3,social,7
4,1,1,-1,4,easiness,7
4,1,1,-1,4,comfort,7
4,1,1,-1,4,confidence,1
4,1,1,-1,4,social,7
4,1,1,-1,5,easiness,7
4,1,1,-1,5,comfort,7
4,1,1,-1,5,confidence,2
4,1,1,-1,5,social,7
4,1,1,-1,6,easiness,6
4,1,1,-1,6,comfort,6
4,1,1,-1,6,confidence,1
4,1,1,-1,6,social,7
4,1,1,-1,7,easiness,4
4,1,1,-1,7,comfort,4
4,1,1,-1,7,confidence,6
4,1,1,-1,7,social,5
4,1,1,-1,8,easiness,3
4,1,1,-1,8,comfort,3
4,1,1,-1,8,confidence,5
4,1,1,-1,8,social,3
16,1,0,-1,1,easiness,4
16,1,0,-1,1,comfort,4
16,1,0,-1,1,confidence,3
16,1,0,-1,1,social,5
16,1,0,-1,2,easiness,1
16,1,0,-1,2,comfort,1
16,1,0,-1,2,confidence,2
16,1,0,-1,2,social,4
16,1,0,-1,3,easiness,4
16,1,0,-1,3,comfort,4
16,1,0,-1,3,confidence,4
16,1,0,-1,3,social,6
16,1,0,-1,4,easiness,5
16,1,0,-1,4,comfort,5
16,1,0,-1,4,confidence,6
16,1,0,-1,4,social,6
16,1,0,-1,5,easiness,7
16,1,0,-1,5,comfort,7
16,1,0,-1,5,confidence,7
16,1,0,-1,5,social,7
16,1,0,-1,6,easiness,3
16,1,0,-1,6,comfort,3
16,1,0,-1,6,confidence,6
16,1,0,-1,6,social,6
16,1,0,-1,7,easiness,3
16,1,0,-1,7,comfort,3
16,1,0,-1,7,confidence,4
16,1,0,-1,7,social,4
16,1,0,-1,8,easiness,2
16,1,0,-1,8,comfort,2
16,1,0,-1,8,confidence,2
16,1,0,-1,8,social,4
16,1,1,-1,1,easiness,1
16,1,1,-1,1,comfort,1
16,1,1,-1,1,confidence,1
16,1,1,-1,1,social,3
16,1,1,-1,2,easiness,2
16,1,1,-1,2,comfort,2
16,1,1,-1,2,confidence,1
16,1,1,-1,2,social,2
16,1,1,-1,3,easiness,4
16,1,1,-1,3,comfort,4
16,1,1,-1,3,confidence,4
16,1,1,-1,3,social,5
16,1,1,-1,4,easiness,5
16,1,1,-1,4,comfort,5
16,1,1,-1,4,confidence,5
16,1,1,-1,4,social,6
16,1,1,-1,5,easiness,5
16,1,1,-1,5,comfort,5
16,1,1,-1,5,confidence,6
16,1,1,-1,5,social,7
16,1,1,-1,6,easiness,5
16,1,1,-1,6,comfort,5
16,1,1,-1,6,confidence,7
16,1,1,-1,6,social,7
16,1,1,-1,7,easiness,2
16,1,1,-1,7,comfort,2
16,1,1,-1,7,confidence,2
16,1,1,-1,7,social,4
16,1,1,-1,8,easiness,2
16,1,1,-1,8,comfort,2
16,1,1,-1,8,confidence,2
16,1,1,-1,8,social,6
21,1,0,-1,1,easiness,6
21,1,0,-1,1,comfort,7
21,1,0,-1,1,confidence,7
21,1,0,-1,1,social,7
21,1,0,-1,2,easiness,6
21,1,0,-1,2,comfort,7
21,1,0,-1,2,confidence,7
21,1,0,-1,2,social,7
21,1,0,-1,3,easiness,7
21,1,0,-1,3,comfort,7
21,1,0,-1,3,confidence,7
21,1,0,-1,3,social,7
21,1,0,-1,4,easiness,7
21,1,0,-1,4,comfort,7
21,1,0,-1,4,confidence,7
21,1,0,-1,4,social,7
21,1,0,-1,5,easiness,7
21,1,0,-1,5,comfort,7
21,1,0,-1,5,confidence,7
21,1,0,-1,5,social,7
21,1,0,-1,6,easiness,7
21,1,0,-1,6,comfort,7
21,1,0,-1,6,confidence,7
21,1,0,-1,6,social,7
21,1,0,-1,7,easiness,7
21,1,0,-1,7,comfort,7
21,1,0,-1,7,confidence,7
21,1,0,-1,7,social,7
21,1,0,-1,8,easiness,7
21,1,0,-1,8,comfort,7
21,1,0,-1,8,confidence,7
21,1,0,-1,8,social,7
21,1,1,-1,1,easiness,7
21,1,1,-1,1,comfort,7
21,1,1,-1,1,confidence,7
21,1,1,-1,1,social,7
21,1,1,-1,2,easiness,7
21,1,1,-1,2,comfort,7
21,1,1,-1,2,confidence,7
21,1,1,-1,2,social,7
21,1,1,-1,3,easiness,5
21,1,1,-1,3,comfort,5
21,1,1,-1,3,confidence,5
21,1,1,-1,3,social,7
21,1,1,-1,4,easiness,5
21,1,1,-1,4,comfort,4
21,1,1,-1,4,confidence,4
21,1,1,-1,4,social,7
21,1,1,-1,5,easiness,3
21,1,1,-1,5,comfort,2
21,1,1,-1,5,confidence,2
21,1,1,-1,5,social,7
21,1,1,-1,6,easiness,1
21,1,1,-1,6,comfort,2
21,1,1,-1,6,confidence,1
21,1,1,-1,6,social,7
21,1,1,-1,7,easiness,3
21,1,1,-1,7,comfort,3
21,1,1,-1,7,confidence,4
21,1,1,-1,7,social,7
21,1,1,-1,8,easiness,3
21,1,1,-1,8,comfort,3
21,1,1,-1,8,confidence,5
21,1,1,-1,8,social,7
11,1,0,-1,1,easiness,7
11,1,0,-1,1,comfort,7
11,1,0,-1,1,confidence,7
11,1,0,-1,1,social,7
11,1,0,-1,2,easiness,6
11,1,0,-1,2,comfort,6
11,1,0,-1,2,confidence,7
11,1,0,-1,2,social,7
11,1,0,-1,3,easiness,7
11,1,0,-1,3,comfort,7
11,1,0,-1,3,confidence,7
11,1,0,-1,3,social,7
11,1,0,-1,4,easiness,7
11,1,0,-1,4,comfort,7
11,1,0,-1,4,confidence,7
11,1,0,-1,4,social,7
11,1,0,-1,5,easiness,7
11,1,0,-1,5,comfort,7
11,1,0,-1,5,confidence,7
11,1,0,-1,5,social,7
11,1,0,-1,6,easiness,7
11,1,0,-1,6,comfort,6
11,1,0,-1,6,confidence,7
11,1,0,-1,6,social,7
11,1,0,-1,7,easiness,4
11,1,0,-1,7,comfort,3
11,1,0,-1,7,confidence,4
11,1,0,-1,7,social,6
11,1,0,-1,8,easiness,1
11,1,0,-1,8,comfort,1
11,1,0,-1,8,confidence,3
11,1,0,-1,8,social,6
11,1,1,-1,1,easiness,5
11,1,1,-1,1,comfort,6
11,1,1,-1,1,confidence,3
11,1,1,-1,1,social,5
11,1,1,-1,2,easiness,5
11,1,1,-1,2,comfort,5
11,1,1,-1,2,confidence,4
11,1,1,-1,2,social,5
11,1,1,-1,3,easiness,7
11,1,1,-1,3,comfort,6
11,1,1,-1,3,confidence,6
11,1,1,-1,3,social,6
11,1,1,-1,4,easiness,7
11,1,1,-1,4,comfort,7
11,1,1,-1,4,confidence,6
11,1,1,-1,4,social,6
11,1,1,-1,5,easiness,4
11,1,1,-1,5,comfort,3
11,1,1,-1,5,confidence,5
11,1,1,-1,5,social,5
11,1,1,-1,6,easiness,4
11,1,1,-1,6,comfort,3
11,1,1,-1,6,confidence,5
11,1,1,-1,6,social,5
11,1,1,-1,7,easiness,3
11,1,1,-1,7,comfort,2
11,1,1,-1,7,confidence,2
11,1,1,-1,7,social,4
11,1,1,-1,8,easiness,1
11,1,1,-1,8,comfort,1
11,1,1,-1,8,confidence,1
11,1,1,-1,8,social,5
15,1,0,-1,1,easiness,5
15,1,0,-1,1,comfort,5
15,1,0,-1,1,confidence,7
15,1,0,-1,1,social,7
15,1,0,-1,2,easiness,6
15,1,0,-1,2,comfort,5
15,1,0,-1,2,confidence,7
15,1,0,-1,2,social,7
15,1,0,-1,3,easiness,7
15,1,0,-1,3,comfort,7
15,1,0,-1,3,confidence,7
15,1,0,-1,3,social,7
15,1,0,-1,4,easiness,7
15,1,0,-1,4,comfort,7
15,1,0,-1,4,confidence,7
15,1,0,-1,4,social,7
15,1,0,-1,5,easiness,7
15,1,0,-1,5,comfort,7
15,1,0,-1,5,confidence,7
15,1,0,-1,5,social,7
15,1,0,-1,6,easiness,7
15,1,0,-1,6,comfort,7
15,1,0,-1,6,confidence,7
15,1,0,-1,6,social,7
15,1,0,-1,7,easiness,5
15,1,0,-1,7,comfort,5
15,1,0,-1,7,confidence,5
15,1,0,-1,7,social,7
15,1,0,-1,8,easiness,6
15,1,0,-1,8,comfort,6
15,1,0,-1,8,confidence,7
15,1,0,-1,8,social,7
15,1,1,-1,1,easiness,1
15,1,1,-1,1,comfort,1
15,1,1,-1,1,confidence,1
15,1,1,-1,1,social,1
15,1,1,-1,2,easiness,3
15,1,1,-1,2,comfort,3
15,1,1,-1,2,confidence,3
15,1,1,-1,2,social,3
15,1,1,-1,3,easiness,5
15,1,1,-1,3,comfort,5
15,1,1,-1,3,confidence,5
15,1,1,-1,3,social,7
15,1,1,-1,4,easiness,7
15,1,1,-1,4,comfort,7
15,1,1,-1,4,confidence,7
15,1,1,-1,4,social,7
15,1,1,-1,5,easiness,5
15,1,1,-1,5,comfort,5
15,1,1,-1,5,confidence,7
15,1,1,-1,5,social,7
15,1,1,-1,6,easiness,5
15,1,1,-1,6,comfort,5
15,1,1,-1,6,confidence,7
15,1,1,-1,6,social,7
15,1,1,-1,7,easiness,7
15,1,1,-1,7,comfort,6
15,1,1,-1,7,confidence,7
15,1,1,-1,7,social,7
15,1,1,-1,8,easiness,7
15,1,1,-1,8,comfort,7
15,1,1,-1,8,confidence,7
15,1,1,-1,8,social,7
24,1,0,-1,1,easiness,5
24,1,0,-1,1,comfort,4
24,1,0,-1,1,confidence,3
24,1,0,-1,1,social,3
24,1,0,-1,2,easiness,2
24,1,0,-1,2,comfort,2
24,1,0,-1,2,confidence,2
24,1,0,-1,2,social,2
24,1,0,-1,3,easiness,5
24,1,0,-1,3,comfort,4
24,1,0,-1,3,confidence,5
24,1,0,-1,3,social,3
24,1,0,-1,4,easiness,6
24,1,0,-1,4,comfort,6
24,1,0,-1,4,confidence,5
24,1,0,-1,4,social,4
24,1,0,-1,5,easiness,4
24,1,0,-1,5,comfort,4
24,1,0,-1,5,confidence,7
24,1,0,-1,5,social,7
24,1,0,-1,6,easiness,7
24,1,0,-1,6,comfort,7
24,1,0,-1,6,confidence,7
24,1,0,-1,6,social,7
24,1,0,-1,7,easiness,3
24,1,0,-1,7,comfort,3
24,1,0,-1,7,confidence,5
24,1,0,-1,7,social,6
24,1,0,-1,8,easiness,5
24,1,0,-1,8,comfort,5
24,1,0,-1,8,confidence,6
24,1,0,-1,8,social,6
24,1,1,-1,1,easiness,2
24,1,1,-1,1,comfort,2
24,1,1,-1,1,confidence,5
24,1,1,-1,1,social,6
24,1,1,-1,2,easiness,2
24,1,1,-1,2,comfort,2
24,1,1,-1,2,confidence,5
24,1,1,-1,2,social,6
24,1,1,-1,3,easiness,6
24,1,1,-1,3,comfort,6
24,1,1,-1,3,confidence,7
24,1,1,-1,3,social,6
24,1,1,-1,4,easiness,6
24,1,1,-1,4,comfort,6
24,1,1,-1,4,confidence,7
24,1,1,-1,4,social,6
24,1,1,-1,5,easiness,6
24,1,1,-1,5,comfort,6
24,1,1,-1,5,confidence,7
24,1,1,-1,5,social,6
24,1,1,-1,6,easiness,6
24,1,1,-1,6,comfort,6
24,1,1,-1,6,confidence,7
24,1,1,-1,6,social,6
24,1,1,-1,7,easiness,2
24,1,1,-1,7,comfort,2
24,1,1,-1,7,confidence,5
24,1,1,-1,7,social,5
24,1,1,-1,8,easiness,2
24,1,1,-1,8,comfort,2
24,1,1,-1,8,confidence,5
24,1,1,-1,8,social,5
23,1,0,-1,1,easiness,3
23,1,0,-1,1,comfort,5
23,1,0,-1,1,confidence,4
23,1,0,-1,1,social,6
23,1,0,-1,2,easiness,3
23,1,0,-1,2,comfort,4
23,1,0,-1,2,confidence,5
23,1,0,-1,2,social,6
23,1,0,-1,3,easiness,3
23,1,0,-1,3,comfort,6
23,1,0,-1,3,confidence,5
23,1,0,-1,3,social,6
23,1,0,-1,4,easiness,3
23,1,0,-1,4,comfort,5
23,1,0,-1,4,confidence,6
23,1,0,-1,4,social,6
23,1,0,-1,5,easiness,7
23,1,0,-1,5,comfort,7
23,1,0,-1,5,confidence,7
23,1,0,-1,5,social,7
23,1,0,-1,6,easiness,7
23,1,0,-1,6,comfort,7
23,1,0,-1,6,confidence,7
23,1,0,-1,6,social,7
23,1,0,-1,7,easiness,4
23,1,0,-1,7,comfort,4
23,1,0,-1,7,confidence,5
23,1,0,-1,7,social,5
23,1,0,-1,8,easiness,4
23,1,0,-1,8,comfort,4
23,1,0,-1,8,confidence,5
23,1,0,-1,8,social,5
23,1,1,-1,1,easiness,6
23,1,1,-1,1,comfort,5
23,1,1,-1,1,confidence,5
23,1,1,-1,1,social,6
23,1,1,-1,2,easiness,6
23,1,1,-1,2,comfort,6
23,1,1,-1,2,confidence,5
23,1,1,-1,2,social,6
23,1,1,-1,3,easiness,6
23,1,1,-1,3,comfort,7
23,1,1,-1,3,confidence,6
23,1,1,-1,3,social,6
23,1,1,-1,4,easiness,7
23,1,1,-1,4,comfort,7
23,1,1,-1,4,confidence,6
23,1,1,-1,4,social,6
23,1,1,-1,5,easiness,4
23,1,1,-1,5,comfort,4
23,1,1,-1,5,confidence,3
23,1,1,-1,5,social,4
23,1,1,-1,6,easiness,2
23,1,1,-1,6,comfort,3
23,1,1,-1,6,confidence,4
23,1,1,-1,6,social,4
23,1,1,-1,7,easiness,2
23,1,1,-1,7,comfort,3
23,1,1,-1,7,confidence,4
23,1,1,-1,7,social,4
23,1,1,-1,8,easiness,2
23,1,1,-1,8,comfort,3
23,1,1,-1,8,confidence,4
23,1,1,-1,8,social,4
18,1,0,-1,1,easiness,3
18,1,0,-1,1,comfort,3
18,1,0,-1,1,confidence,2
18,1,0,-1,1,social,2
18,1,0,-1,2,easiness,3
18,1,0,-1,2,comfort,3
18,1,0,-1,2,confidence,2
18,1,0,-1,2,social,2
18,1,0,-1,3,easiness,6
18,1,0,-1,3,comfort,5
18,1,0,-1,3,confidence,6
18,1,0,-1,3,social,6
18,1,0,-1,4,easiness,6
18,1,0,-1,4,comfort,6
18,1,0,-1,4,confidence,6
18,1,0,-1,4,social,6
18,1,0,-1,5,easiness,7
18,1,0,-1,5,comfort,7
18,1,0,-1,5,confidence,6
18,1,0,-1,5,social,6
18,1,0,-1,6,easiness,7
18,1,0,-1,6,comfort,7
18,1,0,-1,6,confidence,7
18,1,0,-1,6,social,7
18,1,0,-1,7,easiness,2
18,1,0,-1,7,comfort,2
18,1,0,-1,7,confidence,3
18,1,0,-1,7,social,3
18,1,0,-1,8,easiness,1
18,1,0,-1,8,comfort,1
18,1,0,-1,8,confidence,2
18,1,0,-1,8,social,2
18,1,1,-1,1,easiness,2
18,1,1,-1,1,comfort,2
18,1,1,-1,1,confidence,3
18,1,1,-1,1,social,2
18,1,1,-1,2,easiness,2
18,1,1,-1,2,comfort,3
18,1,1,-1,2,confidence,3
18,1,1,-1,2,social,3
18,1,1,-1,3,easiness,2
18,1,1,-1,3,comfort,2
18,1,1,-1,3,confidence,2
18,1,1,-1,3,social,2
18,1,1,-1,4,easiness,5
18,1,1,-1,4,comfort,5
18,1,1,-1,4,confidence,5
18,1,1,-1,4,social,5
18,1,1,-1,5,easiness,6
18,1,1,-1,5,comfort,6
18,1,1,-1,5,confidence,6
18,1,1,-1,5,social,6
18,1,1,-1,6,easiness,4
18,1,1,-1,6,comfort,4
18,1,1,-1,6,confidence,4
18,1,1,-1,6,social,4
18,1,1,-1,7,easiness,2
18,1,1,-1,7,comfort,2
18,1,1,-1,7,confidence,1
18,1,1,-1,7,social,1
18,1,1,-1,8,easiness,2
18,1,1,-1,8,comfort,2
18,1,1,-1,8,confidence,1
18,1,1,-1,8,social,1
20,1,0,-1,1,easiness,6
20,1,0,-1,1,comfort,5
20,1,0,-1,1,confidence,5
20,1,0,-1,1,social,6
20,1,0,-1,2,easiness,5
20,1,0,-1,2,comfort,5
20,1,0,-1,2,confidence,6
20,1,0,-1,2,social,6
20,1,0,-1,3,easiness,5
20,1,0,-1,3,comfort,5
20,1,0,-1,3,confidence,6
20,1,0,-1,3,social,6
20,1,0,-1,4,easiness,4
20,1,0,-1,4,comfort,4
20,1,0,-1,4,confidence,5
20,1,0,-1,4,social,6
20,1,0,-1,5,easiness,5
20,1,0,-1,5,comfort,4
20,1,0,-1,5,confidence,6
20,1,0,-1,5,social,7
20,1,0,-1,6,easiness,4
20,1,0,-1,6,comfort,4
20,1,0,-1,6,confidence,6
20,1,0,-1,6,social,7
20,1,0,-1,7,easiness,5
20,1,0,-1,7,comfort,5
20,1,0,-1,7,confidence,6
20,1,0,-1,7,social,7
20,1,0,-1,8,easiness,5
20,1,0,-1,8,comfort,5
20,1,0,-1,8,confidence,6
20,1,0,-1,8,social,7
20,1,1,-1,1,easiness,6
20,1,1,-1,1,comfort,6
20,1,1,-1,1,confidence,6
20,1,1,-1,1,social,7
20,1,1,-1,2,easiness,7
20,1,1,-1,2,comfort,7
20,1,1,-1,2,confidence,7
20,1,1,-1,2,social,7
20,1,1,-1,3,easiness,6
20,1,1,-1,3,comfort,7
20,1,1,-1,3,confidence,7
20,1,1,-1,3,social,7
20,1,1,-1,4,easiness,6
20,1,1,-1,4,comfort,6
20,1,1,-1,4,confidence,6
20,1,1,-1,4,social,7
20,1,1,-1,5,easiness,4
20,1,1,-1,5,comfort,4
20,1,1,-1,5,confidence,4
20,1,1,-1,5,social,6
20,1,1,-1,6,easiness,4
20,1,1,-1,6,comfort,4
20,1,1,-1,6,confidence,5
20,1,1,-1,6,social,6
20,1,1,-1,7,easiness,4
20,1,1,-1,7,comfort,4
20,1,1,-1,7,confidence,5
20,1,1,-1,7,social,6
20,1,1,-1,8,easiness,4
20,1,1,-1,8,comfort,3
20,1,1,-1,8,confidence,5
20,1,1,-1,8,social,6
1,2,0,0,3,easiness,5
1,2,0,0,3,comfort,4
1,2,0,0,3,confidence,6
1,2,0,0,3,social,7
1,2,0,1,3,easiness,3
1,2,0,1,3,comfort,3
1,2,0,1,3,confidence,5
1,2,0,1,3,social,7
1,2,0,0,4,easiness,5
1,2,0,0,4,comfort,5
1,2,0,0,4,confidence,6
1,2,0,0,4,social,7
1,2,0,1,4,easiness,3
1,2,0,1,4,comfort,4
1,2,0,1,4,confidence,6
1,2,0,1,4,social,7
1,2,0,0,5,easiness,6
1,2,0,0,5,comfort,6
1,2,0,0,5,confidence,7
1,2,0,0,5,social,7
1,2,0,1,5,easiness,6
1,2,0,1,5,comfort,7
1,2,0,1,5,confidence,7
1,2,0,1,5,social,7
1,2,0,0,6,easiness,6
1,2,0,0,6,comfort,5
1,2,0,0,6,confidence,6
1,2,0,0,6,social,7
1,2,0,1,6,easiness,4
1,2,0,1,6,comfort,4
1,2,0,1,6,confidence,6
1,2,0,1,6,social,7
8,2,0,0,3,easiness,3
8,2,0,0,3,comfort,3
8,2,0,0,3,confidence,6
8,2,0,0,3,social,6
8,2,0,1,3,easiness,2
8,2,0,1,3,comfort,1
8,2,0,1,3,confidence,3
8,2,0,1,3,social,5
8,2,0,0,4,easiness,4
8,2,0,0,4,comfort,3
8,2,0,0,4,confidence,6
8,2,0,0,4,social,6
8,2,0,1,4,easiness,2
8,2,0,1,4,comfort,2
8,2,0,1,4,confidence,6
8,2,0,1,4,social,6
8,2,0,0,5,easiness,7
8,2,0,0,5,comfort,7
8,2,0,0,5,confidence,7
8,2,0,0,5,social,7
8,2,0,1,5,easiness,7
8,2,0,1,5,comfort,7
8,2,0,1,5,confidence,7
8,2,0,1,5,social,7
8,2,0,0,6,easiness,7
8,2,0,0,6,comfort,7
8,2,0,0,6,confidence,7
8,2,0,0,6,social,7
8,2,0,1,6,easiness,7
8,2,0,1,6,comfort,7
8,2,0,1,6,confidence,7
8,2,0,1,6,social,7
3,2,0,0,3,easiness,4
3,2,0,0,3,comfort,4
3,2,0,0,3,confidence,3
3,2,0,0,3,social,7
3,2,0,1,3,easiness,3
3,2,0,1,3,comfort,3
3,2,0,1,3,confidence,3
3,2,0,1,3,social,6
3,2,0,0,4,easiness,4
3,2,0,0,4,comfort,4
3,2,0,0,4,confidence,4
3,2,0,0,4,social,6
3,2,0,1,4,easiness,3
3,2,0,1,4,comfort,3
3,2,0,1,4,confidence,3
3,2,0,1,4,social,6
3,2,0,0,5,easiness,5
3,2,0,0,5,comfort,5
3,2,0,0,5,confidence,5
3,2,0,0,5,social,6
3,2,0,1,5,easiness,5
3,2,0,1,5,comfort,5
3,2,0,1,5,confidence,5
3,2,0,1,5,social,6
3,2,0,0,6,easiness,5
3,2,0,0,6,comfort,5
3,2,0,0,6,confidence,5
3,2,0,0,6,social,6
3,2,0,1,6,easiness,5
3,2,0,1,6,comfort,5
3,2,0,1,6,confidence,5
3,2,0,1,6,social,6
6,2,0,0,3,easiness,3
6,2,0,0,3,comfort,3
6,2,0,0,3,confidence,4
6,2,0,0,3,social,4
6,2,0,1,3,easiness,2
6,2,0,1,3,comfort,2
6,2,0,1,3,confidence,3
6,2,0,1,3,social,3
6,2,0,0,4,easiness,4
6,2,0,0,4,comfort,4
6,2,0,0,4,confidence,4
6,2,0,0,4,social,4
6,2,0,1,4,easiness,3
6,2,0,1,4,comfort,3
6,2,0,1,4,confidence,3
6,2,0,1,4,social,3
6,2,0,0,5,easiness,5
6,2,0,0,5,comfort,5
6,2,0,0,5,confidence,6
6,2,0,0,5,social,6
6,2,0,1,5,easiness,6
6,2,0,1,5,comfort,6
6,2,0,1,5,confidence,6
6,2,0,1,5,social,6
6,2,0,0,6,easiness,5
6,2,0,0,6,comfort,5
6,2,0,0,6,confidence,5
6,2,0,0,6,social,5
6,2,0,1,6,easiness,5
6,2,0,1,6,comfort,5
6,2,0,1,6,confidence,6
6,2,0,1,6,social,6
12,2,0,0,3,easiness,5
12,2,0,0,3,comfort,6
12,2,0,0,3,confidence,7
12,2,0,0,3,social,7
12,2,0,1,3,easiness,6
12,2,0,1,3,comfort,6
12,2,0,1,3,confidence,7
12,2,0,1,3,social,7
12,2,0,0,4,easiness,5
12,2,0,0,4,comfort,6
12,2,0,0,4,confidence,5
12,2,0,0,4,social,4
12,2,0,1,4,easiness,5
12,2,0,1,4,comfort,4
12,2,0,1,4,confidence,5
12,2,0,1,4,social,4
12,2,0,0,5,easiness,7
12,2,0,0,5,comfort,7
12,2,0,0,5,confidence,7
12,2,0,0,5,social,7
12,2,0,1,5,easiness,6
12,2,0,1,5,comfort,5
12,2,0,1,5,confidence,7
12,2,0,1,5,social,6
12,2,0,0,6,easiness,4
12,2,0,0,6,comfort,5
12,2,0,0,6,confidence,6
12,2,0,0,6,social,5
12,2,0,1,6,easiness,6
12,2,0,1,6,comfort,5
12,2,0,1,6,confidence,5
12,2,0,1,6,social,5
2,2,0,0,3,easiness,7
2,2,0,0,3,comfort,7
2,2,0,0,3,confidence,7
2,2,0,0,3,social,7
2,2,0,1,3,easiness,7
2,2,0,1,3,comfort,7
2,2,0,1,3,confidence,7
2,2,0,1,3,social,7
2,2,0,0,4,easiness,7
2,2,0,0,4,comfort,7
2,2,0,0,4,confidence,7
2,2,0,0,4,social,7
2,2,0,1,4,easiness,5
2,2,0,1,4,comfort,4
2,2,0,1,4,confidence,4
2,2,0,1,4,social,4
2,2,0,0,5,easiness,7
2,2,0,0,5,comfort,7
2,2,0,0,5,confidence,7
2,2,0,0,5,social,7
2,2,0,1,5,easiness,7
2,2,0,1,5,comfort,7
2,2,0,1,5,confidence,7
2,2,0,1,5,social,7
2,2,0,0,6,easiness,6
2,2,0,0,6,comfort,4
2,2,0,0,6,confidence,4
2,2,0,0,6,social,7
2,2,0,1,6,easiness,4
2,2,0,1,6,comfort,4
2,2,0,1,6,confidence,3
2,2,0,1,6,social,4
7,2,0,0,3,easiness,1
7,2,0,0,3,comfort,1
7,2,0,0,3,confidence,4
7,2,0,0,3,social,2
7,2,0,1,3,easiness,4
7,2,0,1,3,comfort,4
7,2,0,1,3,confidence,4
7,2,0,1,3,social,5
7,2,0,0,4,easiness,2
7,2,0,0,4,comfort,2
7,2,0,0,4,confidence,3
7,2,0,0,4,social,4
7,2,0,1,4,easiness,4
7,2,0,1,4,comfort,3
7,2,0,1,4,confidence,5
7,2,0,1,4,social,4
7,2,0,0,5,easiness,3
7,2,0,0,5,comfort,2
7,2,0,0,5,confidence,4
7,2,0,0,5,social,4
7,2,0,1,5,easiness,5
7,2,0,1,5,comfort,4
7,2,0,1,5,confidence,6
7,2,0,1,5,social,6
7,2,0,0,6,easiness,2
7,2,0,0,6,comfort,2
7,2,0,0,6,confidence,4
7,2,0,0,6,social,4
7,2,0,1,6,easiness,6
7,2,0,1,6,comfort,6
7,2,0,1,6,confidence,7
7,2,0,1,6,social,6
17,2,0,0,3,easiness,2
17,2,0,0,3,comfort,2
17,2,0,0,3,confidence,7
17,2,0,0,3,social,7
17,2,0,1,3,easiness,3
17,2,0,1,3,comfort,3
17,2,0,1,3,confidence,7
17,2,0,1,3,social,7
17,2,0,0,4,easiness,7
17,2,0,0,4,comfort,7
17,2,0,0,4,confidence,7
17,2,0,0,4,social,7
17,2,0,1,4,easiness,7
17,2,0,1,4,comfort,7
17,2,0,1,4,confidence,7
17,2,0,1,4,social,7
17,2,0,0,5,easiness,7
17,2,0,0,5,comfort,7
17,2,0,0,5,confidence,7
17,2,0,0,5,social,7
17,2,0,1,5,easiness,7
17,2,0,1,5,comfort,7
17,2,0,1,5,confidence,7
17,2,0,1,5,social,7
17,2,0,0,6,easiness,7
17,2,0,0,6,comfort,7
17,2,0,0,6,confidence,7
17,2,0,0,6,social,7
17,2,0,1,6,easiness,7
17,2,0,1,6,comfort,7
17,2,0,1,6,confidence,7
17,2,0,1,6,social,7
14,2,0,0,3,easiness,2
14,2,0,0,3,comfort,2
14,2,0,0,3,confidence,1
14,2,0,0,3,social,3
14,2,0,1,3,easiness,2
14,2,0,1,3,comfort,2
14,2,0,1,3,confidence,2
14,2,0,1,3,social,1
14,2,0,0,4,easiness,1
14,2,0,0,4,comfort,1
14,2,0,0,4,confidence,1
14,2,0,0,4,social,1
14,2,0,1,4,easiness,2
14,2,0,1,4,comfort,2
14,2,0,1,4,confidence,2
14,2,0,1,4,social,2
14,2,0,0,5,easiness,3
14,2,0,0,5,comfort,4
14,2,0,0,5,confidence,3
14,2,0,0,5,social,5
14,2,0,1,5,easiness,3
14,2,0,1,5,comfort,3
14,2,0,1,5,confidence,2
14,2,0,1,5,social,2
14,2,0,0,6,easiness,5
14,2,0,0,6,comfort,5
14,2,0,0,6,confidence,5
14,2,0,0,6,social,6
14,2,0,1,6,easiness,4
14,2,0,1,6,comfort,3
14,2,0,1,6,confidence,5
14,2,0,1,6,social,4
9,2,0,0,3,easiness,2
9,2,0,0,3,comfort,1
9,2,0,0,3,confidence,3
9,2,0,0,3,social,4
9,2,0,1,3,easiness,2
9,2,0,1,3,comfort,2
9,2,0,1,3,confidence,3
9,2,0,1,3,social,4
9,2,0,0,4,easiness,1
9,2,0,0,4,comfort,1
9,2,0,0,4,confidence,3
9,2,0,0,4,social,4
9,2,0,1,4,easiness,2
9,2,0,1,4,comfort,2
9,2,0,1,4,confidence,3
9,2,0,1,4,social,4
9,2,0,0,5,easiness,6
9,2,0,0,5,comfort,6
9,2,0,0,5,confidence,7
9,2,0,0,5,social,7
9,2,0,1,5,easiness,6
9,2,0,1,5,comfort,6
9,2,0,1,5,confidence,7
9,2,0,1,5,social,7
9,2,0,0,6,easiness,4
9,2,0,0,6,comfort,4
9,2,0,0,6,confidence,6
9,2,0,0,6,social,6
9,2,0,1,6,easiness,3
9,2,0,1,6,comfort,3
9,2,0,1,6,confidence,6
9,2,0,1,6,social,6
22,2,0,0,3,easiness,3
22,2,0,0,3,comfort,3
22,2,0,0,3,confidence,5
22,2,0,0,3,social,7
22,2,0,1,3,easiness,3
22,2,0,1,3,comfort,2
22,2,0,1,3,confidence,4
22,2,0,1,3,social,4
22,2,0,0,4,easiness,6
22,2,0,0,4,comfort,6
22,2,0,0,4,confidence,7
22,2,0,0,4,social,7
22,2,0,1,4,easiness,6
22,2,0,1,4,comfort,5
22,2,0,1,4,confidence,6
22,2,0,1,4,social,7
22,2,0,0,5,easiness,3
22,2,0,0,5,comfort,3
22,2,0,0,5,confidence,3
22,2,0,0,5,social,3
22,2,0,1,5,easiness,3
22,2,0,1,5,comfort,2
22,2,0,1,5,confidence,3
22,2,0,1,5,social,2
22,2,0,0,6,easiness,4
22,2,0,0,6,comfort,4
22,2,0,0,6,confidence,4
22,2,0,0,6,social,7
22,2,0,1,6,easiness,4
22,2,0,1,6,comfort,3
22,2,0,1,6,confidence,3
22,2,0,1,6,social,7
19,2,0,0,3,easiness,1
19,2,0,0,3,comfort,1
19,2,0,0,3,confidence,1
19,2,0,0,3,social,5
19,2,0,1,3,easiness,1
19,2,0,1,3,comfort,1
19,2,0,1,3,confidence,1
19,2,0,1,3,social,4
19,2,0,0,4,easiness,3
19,2,0,0,4,comfort,3
19,2,0,0,4,confidence,3
19,2,0,0,4,social,5
19,2,0,1,4,easiness,3
19,2,0,1,4,comfort,3
19,2,0,1,4,confidence,3
19,2,0,1,4,social,5
19,2,0,0,5,easiness,3
19,2,0,0,5,comfort,3
19,2,0,0,5,confidence,3
19,2,0,0,5,social,7
19,2,0,1,5,easiness,3
19,2,0,1,5,comfort,3
19,2,0,1,5,confidence,2
19,2,0,1,5,social,7
19,2,0,0,6,easiness,6
19,2,0,0,6,comfort,6
19,2,0,0,6,confidence,5
19,2,0,0,6,social,7
19,2,0,1,6,easiness,6
19,2,0,1,6,comfort,6
19,2,0,1,6,confidence,6
19,2,0,1,6,social,7
10,2,0,0,3,easiness,2
10,2,0,0,3,comfort,2
10,2,0,0,3,confidence,6
10,2,0,0,3,social,3
10,2,0,1,3,easiness,1
10,2,0,1,3,comfort,1
10,2,0,1,3,confidence,6
10,2,0,1,3,social,1
10,2,0,0,4,easiness,6
10,2,0,0,4,comfort,4
10,2,0,0,4,confidence,6
10,2,0,0,4,social,4
10,2,0,1,4,easiness,5
10,2,0,1,4,comfort,5
10,2,0,1,4,confidence,7
10,2,0,1,4,social,6
10,2,0,0,5,easiness,7
10,2,0,0,5,comfort,6
10,2,0,0,5,confidence,7
10,2,0,0,5,social,6
10,2,0,1,5,easiness,6
10,2,0,1,5,comfort,5
10,2,0,1,5,confidence,7
10,2,0,1,5,social,3
10,2,0,0,6,easiness,7
10,2,0,0,6,comfort,7
10,2,0,0,6,confidence,7
10,2,0,0,6,social,6
10,2,0,1,6,easiness,6
10,2,0,1,6,comfort,6
10,2,0,1,6,confidence,7
10,2,0,1,6,social,3
25,2,0,0,3,easiness,1
25,2,0,0,3,comfort,1
25,2,0,0,3,confidence,1
25,2,0,0,3,social,1
25,2,0,1,3,easiness,1
25,2,0,1,3,comfort,1
25,2,0,1,3,confidence,1
25,2,0,1,3,social,1
25,2,0,0,4,easiness,7
25,2,0,0,4,comfort,7
25,2,0,0,4,confidence,7
25,2,0,0,4,social,7
25,2,0,1,4,easiness,5
25,2,0,1,4,comfort,7
25,2,0,1,4,confidence,7
25,2,0,1,4,social,7
25,2,0,0,5,easiness,2
25,2,0,0,5,comfort,2
25,2,0,0,5,confidence,6
25,2,0,0,5,social,6
25,2,0,1,5,easiness,1
25,2,0,1,5,comfort,1
25,2,0,1,5,confidence,3
25,2,0,1,5,social,1
25,2,0,0,6,easiness,7
25,2,0,0,6,comfort,7
25,2,0,0,6,confidence,7
25,2,0,0,6,social,7
25,2,0,1,6,easiness,5
25,2,0,1,6,comfort,5
25,2,0,1,6,confidence,7
25,2,0,1,6,social,6
5,2,0,0,3,easiness,3
5,2,0,0,3,comfort,3
5,2,0,0,3,confidence,3
5,2,0,0,3,social,4
5,2,0,1,3,easiness,3
5,2,0,1,3,comfort,3
5,2,0,1,3,confidence,3
5,2,0,1,3,social,4
5,2,0,0,4,easiness,3
5,2,0,0,4,comfort,3
5,2,0,0,4,confidence,3
5,2,0,0,4,social,4
5,2,0,1,4,easiness,3
5,2,0,1,4,comfort,3
5,2,0,1,4,confidence,3
5,2,0,1,4,social,4
5,2,0,0,5,easiness,5
5,2,0,0,5,comfort,5
5,2,0,0,5,confidence,5
5,2,0,0,5,social,5
5,2,0,1,5,easiness,5
5,2,0,1,5,comfort,5
5,2,0,1,5,confidence,5
5,2,0,1,5,social,5
5,2,0,0,6,easiness,6
5,2,0,0,6,comfort,6
5,2,0,0,6,confidence,6
5,2,0,0,6,social,6
5,2,0,1,6,easiness,5
5,2,0,1,6,comfort,5
5,2,0,1,6,confidence,5
5,2,0,1,6,social,5
4,2,0,0,3,easiness,6
4,2,0,0,3,comfort,6
4,2,0,0,3,confidence,4
4,2,0,0,3,social,7
4,2,0,1,3,easiness,4
4,2,0,1,3,comfort,4
4,2,0,1,3,confidence,4
4,2,0,1,3,social,6
4,2,0,0,4,easiness,3
4,2,0,0,4,comfort,3
4,2,0,0,4,confidence,4
4,2,0,0,4,social,5
4,2,0,1,4,easiness,5
4,2,0,1,4,comfort,5
4,2,0,1,4,confidence,6
4,2,0,1,4,social,7
4,2,0,0,5,easiness,7
4,2,0,0,5,comfort,7
4,2,0,0,5,confidence,7
4,2,0,0,5,social,7
4,2,0,1,5,easiness,5
4,2,0,1,5,comfort,5
4,2,0,1,5,confidence,5
4,2,0,1,5,social,5
4,2,0,0,6,easiness,7
4,2,0,0,6,comfort,7
4,2,0,0,6,confidence,6
4,2,0,0,6,social,7
4,2,0,1,6,easiness,6
4,2,0,1,6,comfort,6
4,2,0,1,6,confidence,6
4,2,0,1,6,social,6
16,2,0,0,3,easiness,2
16,2,0,0,3,comfort,2
16,2,0,0,3,confidence,5
16,2,0,0,3,social,7
16,2,0,1,3,easiness,4
16,2,0,1,3,comfort,4
16,2,0,1,3,confidence,5
16,2,0,1,3,social,7
16,2,0,0,4,easiness,1
16,2,0,0,4,comfort,1
16,2,0,0,4,confidence,2
16,2,0,0,4,social,6
16,2,0,1,4,easiness,4
16,2,0,1,4,comfort,4
16,2,0,1,4,confidence,3
16,2,0,1,4,social,7
16,2,0,0,5,easiness,5
16,2,0,0,5,comfort,5
16,2,0,0,5,confidence,7
16,2,0,0,5,social,7
16,2,0,1,5,easiness,7
16,2,0,1,5,comfort,7
16,2,0,1,5,confidence,7
16,2,0,1,5,social,7
16,2,0,0,6,easiness,2
16,2,0,0,6,comfort,2
16,2,0,0,6,confidence,4
16,2,0,0,6,social,6
16,2,0,1,6,easiness,4
16,2,0,1,6,comfort,4
16,2,0,1,6,confidence,5
16,2,0,1,6,social,6
21,2,0,0,3,easiness,7
21,2,0,0,3,comfort,7
21,2,0,0,3,confidence,7
21,2,0,0,3,social,7
21,2,0,1,3,easiness,5
21,2,0,1,3,comfort,5
21,2,0,1,3,confidence,6
21,2,0,1,3,social,7
21,2,0,0,4,easiness,7
21,2,0,0,4,comfort,7
21,2,0,0,4,confidence,7
21,2,0,0,4,social,7
21,2,0,1,4,easiness,3
21,2,0,1,4,comfort,3
21,2,0,1,4,confidence,3
21,2,0,1,4,social,6
21,2,0,0,5,easiness,7
21,2,0,0,5,comfort,7
21,2,0,0,5,confidence,7
21,2,0,0,5,social,7
21,2,0,1,5,easiness,7
21,2,0,1,5,comfort,7
21,2,0,1,5,confidence,7
21,2,0,1,5,social,7
21,2,0,0,6,easiness,4
21,2,0,0,6,comfort,4
21,2,0,0,6,confidence,6
21,2,0,0,6,social,7
21,2,0,1,6,easiness,6
21,2,0,1,6,comfort,6
21,2,0,1,6,confidence,6
21,2,0,1,6,social,7
11,2,0,0,3,easiness,6
11,2,0,0,3,comfort,5
11,2,0,0,3,confidence,7
11,2,0,0,3,social,7
11,2,0,1,3,easiness,7
11,2,0,1,3,comfort,6
11,2,0,1,3,confidence,7
11,2,0,1,3,social,7
11,2,0,0,4,easiness,4
11,2,0,0,4,comfort,6
11,2,0,0,4,confidence,7
11,2,0,0,4,social,7
11,2,0,1,4,easiness,5
11,2,0,1,4,comfort,5
11,2,0,1,4,confidence,7
11,2,0,1,4,social,7
11,2,0,0,5,easiness,3
11,2,0,0,5,comfort,3
11,2,0,0,5,confidence,6
11,2,0,0,5,social,7
11,2,0,1,5,easiness,3
11,2,0,1,5,comfort,2
11,2,0,1,5,confidence,6
11,2,0,1,5,social,7
11,2,0,0,6,easiness,3
11,2,0,0,6,comfort,3
11,2,0,0,6,confidence,6
11,2,0,0,6,social,7
11,2,0,1,6,easiness,4
11,2,0,1,6,comfort,4
11,2,0,1,6,confidence,6
11,2,0,1,6,social,7
15,2,0,0,3,easiness,7
15,2,0,0,3,comfort,7
15,2,0,0,3,confidence,7
15,2,0,0,3,social,7
15,2,0,1,3,easiness,7
15,2,0,1,3,comfort,7
15,2,0,1,3,confidence,7
15,2,0,1,3,social,7
15,2,0,0,4,easiness,5
15,2,0,0,4,comfort,4
15,2,0,0,4,confidence,6
15,2,0,0,4,social,7
15,2,0,1,4,easiness,5
15,2,0,1,4,comfort,5
15,2,0,1,4,confidence,6
15,2,0,1,4,social,7
15,2,0,0,5,easiness,7
15,2,0,0,5,comfort,7
15,2,0,0,5,confidence,7
15,2,0,0,5,social,7
15,2,0,1,5,easiness,7
15,2,0,1,5,comfort,7
15,2,0,1,5,confidence,7
15,2,0,1,5,social,7
15,2,0,0,6,easiness,6
15,2,0,0,6,comfort,7
15,2,0,0,6,confidence,7
15,2,0,0,6,social,7
15,2,0,1,6,easiness,4
15,2,0,1,6,comfort,5
15,2,0,1,6,confidence,6
15,2,0,1,6,social,7
24,2,0,0,3,easiness,3
24,2,0,0,3,comfort,3
24,2,0,0,3,confidence,3
24,2,0,0,3,social,3
24,2,0,1,3,easiness,3
24,2,0,1,3,comfort,3
24,2,0,1,3,confidence,3
24,2,0,1,3,social,3
24,2,0,0,4,easiness,3
24,2,0,0,4,comfort,3
24,2,0,0,4,confidence,3
24,2,0,0,4,social,3
24,2,0,1,4,easiness,4
24,2,0,1,4,comfort,4
24,2,0,1,4,confidence,4
24,2,0,1,4,social,4
24,2,0,0,5,easiness,5
24,2,0,0,5,comfort,6
24,2,0,0,5,confidence,5
24,2,0,0,5,social,6
24,2,0,1,5,easiness,2
24,2,0,1,5,comfort,2
24,2,0,1,5,confidence,3
24,2,0,1,5,social,4
24,2,0,0,6,easiness,3
24,2,0,0,6,comfort,3
24,2,0,0,6,confidence,4
24,2,0,0,6,social,4
24,2,0,1,6,easiness,4
24,2,0,1,6,comfort,3
24,2,0,1,6,confidence,4
24,2,0,1,6,social,4
23,2,0,0,3,easiness,6
23,2,0,0,3,comfort,5
23,2,0,0,3,confidence,5
23,2,0,0,3,social,5
23,2,0,1,3,easiness,4
23,2,0,1,3,comfort,3
23,2,0,1,3,confidence,5
23,2,0,1,3,social,4
23,2,0,0,4,easiness,4
23,2,0,0,4,comfort,4
23,2,0,0,4,confidence,4
23,2,0,0,4,social,4
23,2,0,1,4,easiness,2
23,2,0,1,4,comfort,3
23,2,0,1,4,confidence,4
23,2,0,1,4,social,4
23,2,0,0,5,easiness,6
23,2,0,0,5,comfort,6
23,2,0,0,5,confidence,5
23,2,0,0,5,social,6
23,2,0,1,5,easiness,5
23,2,0,1,5,comfort,5
23,2,0,1,5,confidence,5
23,2,0,1,5,social,5
23,2,0,0,6,easiness,4
23,2,0,0,6,comfort,4
23,2,0,0,6,confidence,4
23,2,0,0,6,social,5
23,2,0,1,6,easiness,1
23,2,0,1,6,comfort,2
23,2,0,1,6,confidence,4
23,2,0,1,6,social,3
18,2,0,0,3,easiness,1
18,2,0,0,3,comfort,1
18,2,0,0,3,confidence,1
18,2,0,0,3,social,1
18,2,0,1,3,easiness,2
18,2,0,1,3,comfort,2
18,2,0,1,3,confidence,2
18,2,0,1,3,social,2
18,2,0,0,4,easiness,4
18,2,0,0,4,comfort,4
18,2,0,0,4,confidence,4
18,2,0,0,4,social,4
18,2,0,1,4,easiness,4
18,2,0,1,4,comfort,4
18,2,0,1,4,confidence,4
18,2,0,1,4,social,4
18,2,0,0,5,easiness,6
18,2,0,0,5,comfort,6
18,2,0,0,5,confidence,6
18,2,0,0,5,social,5
18,2,0,1,5,easiness,7
18,2,0,1,5,comfort,7
18,2,0,1,5,confidence,7
18,2,0,1,5,social,7
18,2,0,0,6,easiness,5
18,2,0,0,6,comfort,5
18,2,0,0,6,confidence,5
18,2,0,0,6,social,5
18,2,0,1,6,easiness,4
18,2,0,1,6,comfort,4
18,2,0,1,6,confidence,4
18,2,0,1,6,social,4
20,2,0,0,3,easiness,5
20,2,0,0,3,comfort,4
20,2,0,0,3,confidence,5
20,2,0,0,3,social,5
20,2,0,1,3,easiness,3
20,2,0,1,3,comfort,2
20,2,0,1,3,confidence,4
20,2,0,1,3,social,5
20,2,0,0,4,easiness,5
20,2,0,0,4,comfort,5
20,2,0,0,4,confidence,6
20,2,0,0,4,social,6
20,2,0,1,4,easiness,4
20,2,0,1,4,comfort,4
20,2,0,1,4,confidence,4
20,2,0,1,4,social,5
20,2,0,0,5,easiness,5
20,2,0,0,5,comfort,5
20,2,0,0,5,confidence,6
20,2,0,0,5,social,6
20,2,0,1,5,easiness,5
20,2,0,1,5,comfort,4
20,2,0,1,5,confidence,6
20,2,0,1,5,social,6
20,2,0,0,6,easiness,4
20,2,0,0,6,comfort,4
20,2,0,0,6,confidence,5
20,2,0,0,6,social,6
20,2,0,1,6,easiness,4
20,2,0,1,6,comfort,4
20,2,0,1,6,confidence,4
20,2,0,1,6,social,5
